Num_Tasks,U_total,HI_ratio,CF,Total_Generated,EDF_VD_Schedulable_Count,TT_Merge_Schedulable_Count,IMC_PnG_Schedulable_Count,EDF_IMC_Schedulable_Count
4,0.1,0.4,2,1000,1000,1000,1000,1000
4,0.1,0.4,3,1000,1000,1000,1000,1000
4,0.1,0.4,4,1000,1000,1000,1000,1000
4,0.1,0.4,5,1000,1000,1000,1000,1000
4,0.1,0.4,6,1000,998,1000,998,998
4,0.1,0.5,2,1000,1000,1000,1000,1000
4,0.1,0.5,3,1000,1000,1000,1000,1000
4,0.1,0.5,4,1000,1000,1000,1000,1000
4,0.1,0.5,5,1000,1000,1000,1000,1000
4,0.1,0.5,6,1000,996,1000,996,996
4,0.1,0.6,2,1000,1000,1000,1000,1000
4,0.1,0.6,3,1000,1000,1000,1000,1000
4,0.1,0.6,4,1000,1000,1000,1000,1000
4,0.1,0.6,5,1000,1000,1000,1000,1000
4,0.1,0.6,6,1000,995,1000,995,995
4,0.1,0.7,2,1000,1000,1000,1000,1000
4,0.1,0.7,3,1000,1000,1000,1000,1000
4,0.1,0.7,4,1000,999,1000,999,999
4,0.1,0.7,5,1000,987,1000,987,987
4,0.1,0.7,6,1000,947,1000,945,945
4,0.1,0.8,2,1000,1000,1000,1000,1000
4,0.1,0.8,3,1000,1000,1000,1000,1000
4,0.1,0.8,4,1000,1000,1000,1000,1000
4,0.1,0.8,5,1000,993,1000,991,991
4,0.1,0.8,6,1000,949,1000,948,948
4,0.15,0.4,2,1000,1000,1000,1000,1000
4,0.15,0.4,3,1000,1000,1000,1000,1000
4,0.15,0.4,4,1000,1000,1000,1000,1000
4,0.15,0.4,5,1000,996,1000,996,996
4,0.15,0.4,6,1000,988,1000,987,987
4,0.15,0.5,2,1000,1000,1000,1000,1000
4,0.15,0.5,3,1000,1000,1000,1000,1000
4,0.15,0.5,4,1000,1000,1000,1000,1000
4,0.15,0.5,5,1000,999,1000,999,999
4,0.15,0.5,6,1000,981,1000,981,981
4,0.15,0.6,2,1000,1000,1000,1000,1000
4,0.15,0.6,3,1000,1000,1000,1000,1000
4,0.15,0.6,4,1000,1000,1000,1000,1000
4,0.15,0.6,5,1000,997,1000,997,997
4,0.15,0.6,6,1000,986,1000,984,984
4,0.15,0.7,2,1000,1000,1000,1000,1000
4,0.15,0.7,3,1000,1000,1000,1000,1000
4,0.15,0.7,4,1000,997,1000,997,997
4,0.15,0.7,5,1000,951,1000,949,949
4,0.15,0.7,6,1000,816,1000,811,811
4,0.15,0.8,2,1000,1000,1000,1000,1000
4,0.15,0.8,3,1000,1000,1000,1000,1000
4,0.15,0.8,4,1000,998,1000,998,998
4,0.15,0.8,5,1000,952,1000,951,951
4,0.15,0.8,6,1000,834,998,831,831
4,0.2,0.4,2,1000,1000,1000,1000,1000
4,0.2,0.4,3,1000,1000,1000,1000,1000
4,0.2,0.4,4,1000,999,1000,999,999
4,0.2,0.4,5,1000,979,1000,978,978
4,0.2,0.4,6,1000,853,1000,845,845
4,0.2,0.5,2,1000,1000,1000,1000,1000
4,0.2,0.5,3,1000,1000,999,1000,1000
4,0.2,0.5,4,1000,997,1000,997,997
4,0.2,0.5,5,1000,975,999,974,974
4,0.2,0.5,6,1000,865,999,853,853
4,0.2,0.6,2,1000,1000,1000,1000,1000
4,0.2,0.6,3,1000,1000,999,1000,1000
4,0.2,0.6,4,1000,998,1000,998,998
4,0.2,0.6,5,1000,978,1000,975,975
4,0.2,0.6,6,1000,873,1000,867,867
4,0.2,0.7,2,1000,1000,1000,1000,1000
4,0.2,0.7,3,1000,1000,1000,1000,1000
4,0.2,0.7,4,1000,974,1000,971,971
4,0.2,0.7,5,1000,762,1000,757,757
4,0.2,0.7,6,1000,422,999,411,411
4,0.2,0.8,2,1000,1000,1000,1000,1000
4,0.2,0.8,3,1000,1000,1000,1000,1000
4,0.2,0.8,4,1000,975,1000,972,972
4,0.2,0.8,5,1000,758,999,749,749
4,0.2,0.8,6,1000,404,998,395,395
4,0.25,0.4,2,1000,1000,1000,1000,1000
4,0.25,0.4,3,1000,1000,1000,1000,1000
4,0.25,0.4,4,1000,983,1000,983,983
4,0.25,0.4,5,1000,840,999,834,834
4,0.25,0.4,6,1000,691,997,669,669
4,0.25,0.5,2,1000,1000,1000,1000,1000
4,0.25,0.5,3,1000,1000,1000,1000,1000
4,0.25,0.5,4,1000,987,1000,985,985
4,0.25,0.5,5,1000,842,999,832,832
4,0.25,0.5,6,1000,706,993,683,683
4,0.25,0.6,2,1000,1000,1000,1000,1000
4,0.25,0.6,3,1000,1000,1000,1000,1000
4,0.25,0.6,4,1000,985,1000,984,984
4,0.25,0.6,5,1000,833,999,820,820
4,0.25,0.6,6,1000,675,996,657,657
4,0.25,0.7,2,1000,1000,1000,1000,1000
4,0.25,0.7,3,1000,997,1000,997,997
4,0.25,0.7,4,1000,831,998,827,827
4,0.25,0.7,5,1000,414,995,395,395
4,0.25,0.7,6,1000,236,994,215,215
4,0.25,0.8,2,1000,1000,1000,1000,1000
4,0.25,0.8,3,1000,1000,1000,1000,1000
4,0.25,0.8,4,1000,834,999,828,828
4,0.25,0.8,5,1000,411,994,386,386
4,0.25,0.8,6,1000,219,991,209,209
4,0.3,0.4,2,1000,1000,1000,1000,1000
4,0.3,0.4,3,1000,998,1000,998,998
4,0.3,0.4,4,1000,894,1000,886,886
4,0.3,0.4,5,1000,702,998,681,681
4,0.3,0.4,6,1000,513,993,489,489
4,0.3,0.5,2,1000,1000,1000,1000,1000
4,0.3,0.5,3,1000,999,1000,999,999
4,0.3,0.5,4,1000,868,997,854,854
4,0.3,0.5,5,1000,691,992,674,674
4,0.3,0.5,6,1000,537,993,514,514
4,0.3,0.6,2,1000,1000,1000,1000,1000
4,0.3,0.6,3,1000,999,998,999,999
4,0.3,0.6,4,1000,882,996,875,875
4,0.3,0.6,5,1000,688,997,676,676
4,0.3,0.6,6,1000,535,993,515,515
4,0.3,0.7,2,1000,1000,1000,1000,1000
4,0.3,0.7,3,1000,972,999,972,972
4,0.3,0.7,4,1000,498,993,483,483
4,0.3,0.7,5,1000,205,990,190,190
4,0.3,0.7,6,1000,118,992,107,107
4,0.3,0.8,2,1000,1000,1000,1000,1000
4,0.3,0.8,3,1000,979,1000,979,979
4,0.3,0.8,4,1000,483,994,463,463
4,0.3,0.8,5,1000,242,994,227,227
4,0.3,0.8,6,1000,128,989,109,109
4,0.35,0.4,2,1000,1000,998,1000,1000
4,0.35,0.4,3,1000,976,997,971,971
4,0.35,0.4,4,1000,746,993,725,725
4,0.35,0.4,5,1000,555,993,522,522
4,0.35,0.4,6,1000,420,996,386,386
4,0.35,0.5,2,1000,1000,999,1000,1000
4,0.35,0.5,3,1000,975,1000,973,973
4,0.35,0.5,4,1000,749,990,727,727
4,0.35,0.5,5,1000,556,989,526,526
4,0.35,0.5,6,1000,387,992,363,363
4,0.35,0.6,2,1000,1000,998,1000,1000
4,0.35,0.6,3,1000,979,1000,972,972
4,0.35,0.6,4,1000,742,992,712,712
4,0.35,0.6,5,1000,541,988,520,520
4,0.35,0.6,6,1000,412,985,391,391
4,0.35,0.7,2,1000,1000,1000,1000,1000
4,0.35,0.7,3,1000,759,996,748,748
4,0.35,0.7,4,1000,297,985,270,270
4,0.35,0.7,5,1000,117,989,101,101
4,0.35,0.7,6,1000,70,991,62,62
4,0.35,0.8,2,1000,1000,1000,1000,1000
4,0.35,0.8,3,1000,752,997,741,741
4,0.35,0.8,4,1000,277,989,255,255
4,0.35,0.8,5,1000,152,992,141,141
4,0.35,0.8,6,1000,68,990,59,59
4,0.4,0.4,2,1000,1000,997,1000,1000
4,0.4,0.4,3,1000,901,994,887,887
4,0.4,0.4,4,1000,608,982,582,582
4,0.4,0.4,5,1000,450,981,407,407
4,0.4,0.4,6,1000,307,982,295,295
4,0.4,0.5,2,1000,1000,998,1000,1000
4,0.4,0.5,3,1000,901,994,886,886
4,0.4,0.5,4,1000,625,979,588,588
4,0.4,0.5,5,1000,457,983,423,423
4,0.4,0.5,6,1000,332,984,306,306
4,0.4,0.6,2,1000,1000,996,1000,1000
4,0.4,0.6,3,1000,896,992,878,878
4,0.4,0.6,4,1000,601,982,573,573
4,0.4,0.6,5,1000,455,984,422,422
4,0.4,0.6,6,1000,336,976,319,319
4,0.4,0.7,2,1000,998,1000,998,998
4,0.4,0.7,3,1000,489,987,462,462
4,0.4,0.7,4,1000,177,987,153,153
4,0.4,0.7,5,1000,94,988,83,83
4,0.4,0.7,6,1000,44,989,41,41
4,0.4,0.8,2,1000,999,1000,999,999
4,0.4,0.8,3,1000,467,987,436,436
4,0.4,0.8,4,1000,237,979,206,206
4,0.4,0.8,5,1000,85,985,75,75
4,0.4,0.8,6,1000,44,984,41,41
4,0.45,0.4,2,1000,1000,996,1000,1000
4,0.45,0.4,3,1000,778,978,746,746
4,0.45,0.4,4,1000,521,980,477,477
4,0.45,0.4,5,1000,354,959,320,320
4,0.45,0.4,6,1000,266,978,245,245
4,0.45,0.5,2,1000,999,997,999,999
4,0.45,0.5,3,1000,796,979,758,758
4,0.45,0.5,4,1000,494,968,452,452
4,0.45,0.5,5,1000,348,973,315,315
4,0.45,0.5,6,1000,257,973,238,238
4,0.45,0.6,2,1000,1000,998,1000,1000
4,0.45,0.6,3,1000,761,982,731,731
4,0.45,0.6,4,1000,508,967,458,458
4,0.45,0.6,5,1000,351,976,317,317
4,0.45,0.6,6,1000,255,973,229,229
4,0.45,0.7,2,1000,989,1000,986,986
4,0.45,0.7,3,1000,316,975,279,279
4,0.45,0.7,4,1000,124,975,107,107
4,0.45,0.7,5,1000,67,982,60,60
4,0.45,0.7,6,1000,28,991,21,21
4,0.45,0.8,2,1000,994,1000,994,994
4,0.45,0.8,3,1000,312,973,262,262
4,0.45,0.8,4,1000,115,970,98,98
4,0.45,0.8,5,1000,48,979,43,43
4,0.45,0.8,6,1000,38,989,35,35
4,0.5,0.4,2,1000,994,993,993,993
4,0.5,0.4,3,1000,640,963,587,587
4,0.5,0.4,4,1000,403,965,363,363
4,0.5,0.4,5,1000,296,963,266,266
4,0.5,0.4,6,1000,195,959,173,173
4,0.5,0.5,2,1000,993,990,992,992
4,0.5,0.5,3,1000,656,967,601,601
4,0.5,0.5,4,1000,412,967,378,378
4,0.5,0.5,5,1000,298,955,261,261
4,0.5,0.5,6,1000,198,967,173,173
4,0.5,0.6,2,1000,994,995,994,994
4,0.5,0.6,3,1000,681,968,616,616
4,0.5,0.6,4,1000,433,951,394,394
4,0.5,0.6,5,1000,314,967,280,280
4,0.5,0.6,6,1000,197,962,173,173
4,0.5,0.7,2,1000,902,998,894,894
4,0.5,0.7,3,1000,210,962,183,183
4,0.5,0.7,4,1000,98,971,86,86
4,0.5,0.7,5,1000,38,966,34,34
4,0.5,0.7,6,1000,21,984,17,17
4,0.5,0.8,2,1000,902,998,891,891
4,0.5,0.8,3,1000,211,963,181,181
4,0.5,0.8,4,1000,86,971,69,69
4,0.5,0.8,5,1000,42,973,34,34
4,0.5,0.8,6,1000,26,978,21,21
4,0.55,0.4,2,1000,954,983,936,936
4,0.55,0.4,3,1000,564,937,508,508
4,0.55,0.4,4,1000,341,941,301,301
4,0.55,0.4,5,1000,220,944,195,195
4,0.55,0.4,6,1000,171,949,152,152
4,0.55,0.5,2,1000,949,988,932,932
4,0.55,0.5,3,1000,592,943,530,530
4,0.55,0.5,4,1000,339,949,290,290
4,0.55,0.5,5,1000,225,948,196,196
4,0.55,0.5,6,1000,181,949,158,158
4,0.55,0.6,2,1000,936,989,927,927
4,0.55,0.6,3,1000,569,932,509,509
4,0.55,0.6,4,1000,337,943,294,294
4,0.55,0.6,5,1000,254,957,220,220
4,0.55,0.6,6,1000,153,954,138,138
4,0.55,0.7,2,1000,665,983,613,613
4,0.55,0.7,3,1000,136,963,102,102
4,0.55,0.7,4,1000,58,958,50,50
4,0.55,0.7,5,1000,14,969,10,10
4,0.55,0.7,6,1000,19,977,16,16
4,0.55,0.8,2,1000,682,987,636,636
4,0.55,0.8,3,1000,145,950,109,109
4,0.55,0.8,4,1000,58,962,49,49
4,0.55,0.8,5,1000,18,963,15,15
4,0.55,0.8,6,1000,13,982,12,12
4,0.6,0.4,2,1000,868,962,824,824
4,0.6,0.4,3,1000,487,913,426,426
4,0.6,0.4,4,1000,280,926,246,246
4,0.6,0.4,5,1000,200,939,176,176
4,0.6,0.4,6,1000,148,937,120,120
4,0.6,0.5,2,1000,849,956,799,799
4,0.6,0.5,3,1000,466,918,403,403
4,0.6,0.5,4,1000,278,900,237,237
4,0.6,0.5,5,1000,199,940,163,163
4,0.6,0.5,6,1000,132,941,114,114
4,0.6,0.6,2,1000,869,955,820,820
4,0.6,0.6,3,1000,494,919,435,435
4,0.6,0.6,4,1000,303,943,265,265
4,0.6,0.6,5,1000,218,949,185,185
4,0.6,0.6,6,1000,147,942,132,132
4,0.6,0.7,2,1000,455,953,381,381
4,0.6,0.7,3,1000,91,937,65,65
4,0.6,0.7,4,1000,37,941,31,31
4,0.6,0.7,5,1000,17,967,13,13
4,0.6,0.7,6,1000,15,971,11,11
4,0.6,0.8,2,1000,449,946,371,371
4,0.6,0.8,3,1000,103,924,79,79
4,0.6,0.8,4,1000,40,954,31,31
4,0.6,0.8,5,1000,18,974,17,17
4,0.6,0.8,6,1000,13,965,10,10
4,0.65,0.4,2,1000,752,936,677,677
4,0.65,0.4,3,1000,380,885,323,323
4,0.65,0.4,4,1000,263,896,217,217
4,0.65,0.4,5,1000,145,932,122,122
4,0.65,0.4,6,1000,114,931,92,92
4,0.65,0.5,2,1000,745,910,665,665
4,0.65,0.5,3,1000,368,888,310,310
4,0.65,0.5,4,1000,243,894,205,205
4,0.65,0.5,5,1000,150,913,125,125
4,0.65,0.5,6,1000,114,921,98,98
4,0.65,0.6,2,1000,735,910,665,665
4,0.65,0.6,3,1000,378,888,312,312
4,0.65,0.6,4,1000,226,902,194,194
4,0.65,0.6,5,1000,151,930,124,124
4,0.65,0.6,6,1000,102,935,88,88
4,0.65,0.7,2,1000,311,919,235,235
4,0.65,0.7,3,1000,87,920,64,64
4,0.65,0.7,4,1000,24,957,15,15
4,0.65,0.7,5,1000,7,960,4,4
4,0.65,0.7,6,1000,8,968,8,8
4,0.65,0.8,2,1000,303,911,241,241
4,0.65,0.8,3,1000,70,915,49,49
4,0.65,0.8,4,1000,31,950,23,23
4,0.65,0.8,5,1000,10,966,8,8
4,0.65,0.8,6,1000,6,966,5,5
4,0.7,0.4,2,1000,590,848,513,513
4,0.7,0.4,3,1000,306,838,252,252
4,0.7,0.4,4,1000,156,881,129,129
4,0.7,0.4,5,1000,121,925,99,99
4,0.7,0.4,6,1000,85,926,71,71
4,0.7,0.5,2,1000,630,853,530,530
4,0.7,0.5,3,1000,306,828,245,245
4,0.7,0.5,4,1000,178,894,140,140
4,0.7,0.5,5,1000,134,911,115,115
4,0.7,0.5,6,1000,98,922,73,73
4,0.7,0.6,2,1000,623,868,538,538
4,0.7,0.6,3,1000,309,835,258,258
4,0.7,0.6,4,1000,198,885,166,166
4,0.7,0.6,5,1000,129,909,104,104
4,0.7,0.6,6,1000,87,930,76,76
4,0.7,0.7,2,1000,179,886,130,130
4,0.7,0.7,3,1000,51,915,34,34
4,0.7,0.7,4,1000,20,934,16,16
4,0.7,0.7,5,1000,4,969,3,3
4,0.7,0.7,6,1000,4,968,3,3
4,0.7,0.8,2,1000,199,887,145,145
4,0.7,0.8,3,1000,47,922,35,35
4,0.7,0.8,4,1000,22,941,15,15
4,0.7,0.8,5,1000,8,969,6,6
4,0.7,0.8,6,1000,6,967,5,5
4,0.75,0.4,2,1000,514,801,401,401
4,0.75,0.4,3,1000,252,831,188,188
4,0.75,0.4,4,1000,144,870,122,122
4,0.75,0.4,5,1000,103,887,73,73
4,0.75,0.4,6,1000,80,895,70,70
4,0.75,0.5,2,1000,527,800,420,420
4,0.75,0.5,3,1000,256,809,196,196
4,0.75,0.5,4,1000,143,869,110,110
4,0.75,0.5,5,1000,100,885,82,82
4,0.75,0.5,6,1000,71,893,61,61
4,0.75,0.6,2,1000,480,785,397,397
4,0.75,0.6,3,1000,248,792,191,191
4,0.75,0.6,4,1000,165,840,131,131
4,0.75,0.6,5,1000,85,908,66,66
4,0.75,0.6,6,1000,81,904,65,65
4,0.75,0.7,2,1000,116,835,81,81
4,0.75,0.7,3,1000,32,897,23,23
4,0.75,0.7,4,1000,8,934,5,5
4,0.75,0.7,5,1000,5,951,3,3
4,0.75,0.7,6,1000,2,955,1,1
4,0.75,0.8,2,1000,125,862,75,75
4,0.75,0.8,3,1000,38,908,28,28
4,0.75,0.8,4,1000,13,934,6,6
4,0.75,0.8,5,1000,2,946,2,2
4,0.75,0.8,6,1000,6,960,2,2
4,0.8,0.4,2,1000,423,727,311,311
4,0.8,0.4,3,1000,197,765,151,151
4,0.8,0.4,4,1000,103,828,74,74
4,0.8,0.4,5,1000,71,875,60,60
4,0.8,0.4,6,1000,72,904,62,62
4,0.8,0.5,2,1000,401,696,297,297
4,0.8,0.5,3,1000,161,790,134,134
4,0.8,0.5,4,1000,116,842,89,89
4,0.8,0.5,5,1000,75,884,60,60
4,0.8,0.5,6,1000,65,882,49,49
4,0.8,0.6,2,1000,416,712,315,315
4,0.8,0.6,3,1000,206,770,145,145
4,0.8,0.6,4,1000,98,850,78,78
4,0.8,0.6,5,1000,88,879,66,66
4,0.8,0.6,6,1000,49,908,37,37
4,0.8,0.7,2,1000,98,811,53,53
4,0.8,0.7,3,1000,18,889,10,10
4,0.8,0.7,4,1000,6,911,5,5
4,0.8,0.7,5,1000,4,961,1,1
4,0.8,0.7,6,1000,3,950,2,2
4,0.8,0.8,2,1000,84,812,48,48
4,0.8,0.8,3,1000,14,897,10,10
4,0.8,0.8,4,1000,9,927,5,5
4,0.8,0.8,5,1000,8,933,2,2
4,0.8,0.8,6,1000,4,964,3,3
4,0.85,0.4,2,1000,276,626,197,197
4,0.85,0.4,3,1000,142,754,96,96
4,0.85,0.4,4,1000,90,811,69,69
4,0.85,0.4,5,1000,51,861,36,36
4,0.85,0.4,6,1000,34,877,28,28
4,0.85,0.5,2,1000,290,613,208,208
4,0.85,0.5,3,1000,149,710,108,108
4,0.85,0.5,4,1000,82,802,64,64
4,0.85,0.5,5,1000,50,859,39,39
4,0.85,0.5,6,1000,35,896,29,29
4,0.85,0.6,2,1000,329,626,226,226
4,0.85,0.6,3,1000,159,732,110,110
4,0.85,0.6,4,1000,80,816,58,58
4,0.85,0.6,5,1000,54,857,47,47
4,0.85,0.6,6,1000,32,896,24,24
4,0.85,0.7,2,1000,44,752,23,23
4,0.85,0.7,3,1000,15,897,12,12
4,0.85,0.7,4,1000,5,923,2,2
4,0.85,0.7,5,1000,4,940,3,3
4,0.85,0.7,6,1000,1,950,0,0
4,0.85,0.8,2,1000,33,792,18,18
4,0.85,0.8,3,1000,4,864,3,3
4,0.85,0.8,4,1000,7,916,6,6
4,0.85,0.8,5,1000,4,943,1,1
4,0.85,0.8,6,1000,2,952,2,2
4,0.9,0.4,2,1000,213,538,139,139
4,0.9,0.4,3,1000,91,698,64,64
4,0.9,0.4,4,1000,53,780,39,39
4,0.9,0.4,5,1000,52,818,36,36
4,0.9,0.4,6,1000,24,846,18,18
4,0.9,0.5,2,1000,214,546,140,140
4,0.9,0.5,3,1000,101,707,68,68
4,0.9,0.5,4,1000,59,784,44,44
4,0.9,0.5,5,1000,46,839,37,37
4,0.9,0.5,6,1000,26,859,12,12
4,0.9,0.6,2,1000,212,541,130,130
4,0.9,0.6,3,1000,82,706,53,53
4,0.9,0.6,4,1000,42,801,34,34
4,0.9,0.6,5,1000,38,816,30,30
4,0.9,0.6,6,1000,36,852,31,31
4,0.9,0.7,2,1000,27,739,16,16
4,0.9,0.7,3,1000,10,859,5,5
4,0.9,0.7,4,1000,1,897,0,0
4,0.9,0.7,5,1000,1,922,1,1
4,0.9,0.7,6,1000,1,954,0,0
4,0.9,0.8,2,1000,35,754,14,14
4,0.9,0.8,3,1000,3,875,2,2
4,0.9,0.8,4,1000,2,906,0,0
4,0.9,0.8,5,1000,1,921,1,1
4,0.9,0.8,6,1000,1,947,1,1
4,0.95,0.4,2,1000,89,484,42,42
4,0.95,0.4,3,1000,38,629,22,22
4,0.95,0.4,4,1000,20,749,15,15
4,0.95,0.4,5,1000,13,805,10,10
4,0.95,0.4,6,1000,15,835,10,10
4,0.95,0.5,2,1000,101,463,59,59
4,0.95,0.5,3,1000,39,619,24,24
4,0.95,0.5,4,1000,19,738,14,14
4,0.95,0.5,5,1000,21,802,18,18
4,0.95,0.5,6,1000,19,841,13,13
4,0.95,0.6,2,1000,87,472,46,46
4,0.95,0.6,3,1000,37,661,23,23
4,0.95,0.6,4,1000,30,723,14,14
4,0.95,0.6,5,1000,23,793,19,19
4,0.95,0.6,6,1000,19,871,12,12
4,0.95,0.7,2,1000,7,723,3,3
4,0.95,0.7,3,1000,3,875,1,1
4,0.95,0.7,4,1000,2,909,0,0
4,0.95,0.7,5,1000,1,929,1,1
4,0.95,0.7,6,1000,0,941,0,0
4,0.95,0.8,2,1000,3,737,1,1
4,0.95,0.8,3,1000,3,840,3,3
4,0.95,0.8,4,1000,0,894,0,0
4,0.95,0.8,5,1000,0,934,0,0
4,0.95,0.8,6,1000,0,949,0,0
8,0.1,0.4,2,1000,1000,1000,1000,1000
8,0.1,0.4,3,1000,1000,1000,1000,1000
8,0.1,0.4,4,1000,999,1000,999,999
8,0.1,0.4,5,1000,994,1000,994,994
8,0.1,0.4,6,1000,971,1000,971,971
8,0.1,0.5,2,1000,1000,1000,1000,1000
8,0.1,0.5,3,1000,1000,1000,1000,1000
8,0.1,0.5,4,1000,997,1000,996,996
8,0.1,0.5,5,1000,968,999,967,967
8,0.1,0.5,6,1000,899,999,896,896
8,0.1,0.6,2,1000,1000,1000,1000,1000
8,0.1,0.6,3,1000,999,1000,999,999
8,0.1,0.6,4,1000,979,999,978,978
8,0.1,0.6,5,1000,887,1000,882,882
8,0.1,0.6,6,1000,743,999,740,740
8,0.1,0.7,2,1000,1000,1000,1000,1000
8,0.1,0.7,3,1000,998,1000,998,998
8,0.1,0.7,4,1000,940,1000,940,940
8,0.1,0.7,5,1000,732,999,728,728
8,0.1,0.7,6,1000,506,999,501,501
8,0.1,0.8,2,1000,1000,1000,1000,1000
8,0.1,0.8,3,1000,1000,1000,1000,1000
8,0.1,0.8,4,1000,924,1000,924,924
8,0.1,0.8,5,1000,757,1000,755,755
8,0.1,0.8,6,1000,512,998,505,505
8,0.15,0.4,2,1000,1000,1000,1000,1000
8,0.15,0.4,3,1000,1000,1000,1000,1000
8,0.15,0.4,4,1000,999,1000,999,999
8,0.15,0.4,5,1000,994,1000,993,993
8,0.15,0.4,6,1000,964,998,962,962
8,0.15,0.5,2,1000,1000,1000,1000,1000
8,0.15,0.5,3,1000,1000,1000,1000,1000
8,0.15,0.5,4,1000,993,1000,992,992
8,0.15,0.5,5,1000,938,1000,933,933
8,0.15,0.5,6,1000,818,999,815,815
8,0.15,0.6,2,1000,1000,1000,1000,1000
8,0.15,0.6,3,1000,1000,1000,1000,1000
8,0.15,0.6,4,1000,950,1000,949,949
8,0.15,0.6,5,1000,818,996,809,809
8,0.15,0.6,6,1000,588,998,581,581
8,0.15,0.7,2,1000,1000,1000,1000,1000
8,0.15,0.7,3,1000,999,1000,999,999
8,0.15,0.7,4,1000,881,998,877,877
8,0.15,0.7,5,1000,592,998,585,585
8,0.15,0.7,6,1000,319,1000,306,306
8,0.15,0.8,2,1000,1000,1000,1000,1000
8,0.15,0.8,3,1000,990,1000,990,990
8,0.15,0.8,4,1000,879,1000,877,877
8,0.15,0.8,5,1000,600,1000,593,593
8,0.15,0.8,6,1000,313,997,305,305
8,0.2,0.4,2,1000,1000,998,1000,1000
8,0.2,0.4,3,1000,1000,1000,1000,1000
8,0.2,0.4,4,1000,996,1000,996,996
8,0.2,0.4,5,1000,977,999,976,976
8,0.2,0.4,6,1000,914,997,907,907
8,0.2,0.5,2,1000,1000,1000,1000,1000
8,0.2,0.5,3,1000,1000,1000,1000,1000
8,0.2,0.5,4,1000,982,1000,978,978
8,0.2,0.5,5,1000,875,999,863,863
8,0.2,0.5,6,1000,699,997,683,683
8,0.2,0.6,2,1000,1000,1000,1000,1000
8,0.2,0.6,3,1000,994,1000,993,993
8,0.2,0.6,4,1000,916,998,910,910
8,0.2,0.6,5,1000,665,997,653,653
8,0.2,0.6,6,1000,391,994,371,371
8,0.2,0.7,2,1000,1000,1000,1000,1000
8,0.2,0.7,3,1000,980,999,980,980
8,0.2,0.7,4,1000,777,1000,762,762
8,0.2,0.7,5,1000,344,991,321,321
8,0.2,0.7,6,1000,137,993,127,127
8,0.2,0.8,2,1000,1000,1000,1000,1000
8,0.2,0.8,3,1000,986,1000,984,984
8,0.2,0.8,4,1000,732,997,723,723
8,0.2,0.8,5,1000,362,995,351,351
8,0.2,0.8,6,1000,106,994,94,94
8,0.25,0.4,2,1000,1000,999,1000,1000
8,0.25,0.4,3,1000,1000,1000,1000,1000
8,0.25,0.4,4,1000,996,999,995,995
8,0.25,0.4,5,1000,947,996,943,943
8,0.25,0.4,6,1000,791,995,777,777
8,0.25,0.5,2,1000,1000,999,1000,1000
8,0.25,0.5,3,1000,999,1000,999,999
8,0.25,0.5,4,1000,949,999,943,943
8,0.25,0.5,5,1000,756,993,735,735
8,0.25,0.5,6,1000,515,986,485,485
8,0.25,0.6,2,1000,1000,1000,1000,1000
8,0.25,0.6,3,1000,989,999,987,987
8,0.25,0.6,4,1000,820,997,806,806
8,0.25,0.6,5,1000,453,992,428,428
8,0.25,0.6,6,1000,169,993,154,154
8,0.25,0.7,2,1000,1000,1000,1000,1000
8,0.25,0.7,3,1000,942,998,938,938
8,0.25,0.7,4,1000,529,993,512,512
8,0.25,0.7,5,1000,140,991,125,125
8,0.25,0.7,6,1000,37,994,27,27
8,0.25,0.8,2,1000,1000,1000,1000,1000
8,0.25,0.8,3,1000,943,999,938,938
8,0.25,0.8,4,1000,536,990,510,510
8,0.25,0.8,5,1000,139,990,124,124
8,0.25,0.8,6,1000,47,990,42,42
8,0.3,0.4,2,1000,1000,993,1000,1000
8,0.3,0.4,3,1000,1000,1000,1000,1000
8,0.3,0.4,4,1000,963,996,961,961
8,0.3,0.4,5,1000,876,989,854,854
8,0.3,0.4,6,1000,686,989,649,649
8,0.3,0.5,2,1000,1000,999,1000,1000
8,0.3,0.5,3,1000,995,999,995,995
8,0.3,0.5,4,1000,859,997,840,840
8,0.3,0.5,5,1000,575,983,547,547
8,0.3,0.5,6,1000,357,983,314,314
8,0.3,0.6,2,1000,1000,1000,1000,1000
8,0.3,0.6,3,1000,961,1000,954,954
8,0.3,0.6,4,1000,591,989,553,553
8,0.3,0.6,5,1000,272,985,237,237
8,0.3,0.6,6,1000,102,987,85,85
8,0.3,0.7,2,1000,999,1000,999,999
8,0.3,0.7,3,1000,849,997,838,838
8,0.3,0.7,4,1000,271,989,249,249
8,0.3,0.7,5,1000,56,984,41,41
8,0.3,0.7,6,1000,13,986,10,10
8,0.3,0.8,2,1000,1000,1000,1000,1000
8,0.3,0.8,3,1000,824,999,809,809
8,0.3,0.8,4,1000,255,989,233,233
8,0.3,0.8,5,1000,64,991,56,56
8,0.3,0.8,6,1000,23,987,16,16
8,0.35,0.4,2,1000,1000,990,1000,1000
8,0.35,0.4,3,1000,996,996,994,994
8,0.35,0.4,4,1000,920,992,907,907
8,0.35,0.4,5,1000,721,980,684,684
8,0.35,0.4,6,1000,539,973,501,501
8,0.35,0.5,2,1000,1000,999,1000,1000
8,0.35,0.5,3,1000,970,996,966,966
8,0.35,0.5,4,1000,709,983,677,677
8,0.35,0.5,5,1000,435,979,386,386
8,0.35,0.5,6,1000,231,974,195,195
8,0.35,0.6,2,1000,1000,1000,1000,1000
8,0.35,0.6,3,1000,861,995,836,836
8,0.35,0.6,4,1000,373,983,333,333
8,0.35,0.6,5,1000,148,969,123,123
8,0.35,0.6,6,1000,49,977,40,40
8,0.35,0.7,2,1000,1000,1000,1000,1000
8,0.35,0.7,3,1000,612,990,586,586
8,0.35,0.7,4,1000,119,985,104,104
8,0.35,0.7,5,1000,21,979,16,16
8,0.35,0.7,6,1000,7,983,5,5
8,0.35,0.8,2,1000,997,1000,997,997
8,0.35,0.8,3,1000,609,996,579,579
8,0.35,0.8,4,1000,121,980,107,107
8,0.35,0.8,5,1000,29,986,23,23
8,0.35,0.8,6,1000,1,992,1,1
8,0.4,0.4,2,1000,1000,997,1000,1000
8,0.4,0.4,3,1000,983,997,977,977
8,0.4,0.4,4,1000,813,981,787,787
8,0.4,0.4,5,1000,627,967,585,585
8,0.4,0.4,6,1000,422,967,383,383
8,0.4,0.5,2,1000,1000,993,1000,1000
8,0.4,0.5,3,1000,896,991,879,879
8,0.4,0.5,4,1000,544,968,491,491
8,0.4,0.5,5,1000,275,963,248,248
8,0.4,0.5,6,1000,127,962,112,112
8,0.4,0.6,2,1000,998,998,997,997
8,0.4,0.6,3,1000,688,979,645,645
8,0.4,0.6,4,1000,207,968,168,168
8,0.4,0.6,5,1000,80,956,61,61
8,0.4,0.6,6,1000,25,972,23,23
8,0.4,0.7,2,1000,985,1000,982,982
8,0.4,0.7,3,1000,365,981,313,313
8,0.4,0.7,4,1000,66,971,45,45
8,0.4,0.7,5,1000,9,973,3,3
8,0.4,0.7,6,1000,2,981,0,0
8,0.4,0.8,2,1000,986,999,986,986
8,0.4,0.8,3,1000,340,985,304,304
8,0.4,0.8,4,1000,58,967,41,41
8,0.4,0.8,5,1000,8,973,3,3
8,0.4,0.8,6,1000,1,986,1,1
8,0.45,0.4,2,1000,999,989,999,999
8,0.45,0.4,3,1000,940,978,927,927
8,0.45,0.4,4,1000,747,963,697,697
8,0.45,0.4,5,1000,504,945,446,446
8,0.45,0.4,6,1000,352,963,297,297
8,0.45,0.5,2,1000,998,1000,998,998
8,0.45,0.5,3,1000,772,977,739,739
8,0.45,0.5,4,1000,415,936,366,366
8,0.45,0.5,5,1000,195,939,168,168
8,0.45,0.5,6,1000,94,949,71,71
8,0.45,0.6,2,1000,988,996,985,985
8,0.45,0.6,3,1000,479,960,420,420
8,0.45,0.6,4,1000,136,946,105,105
8,0.45,0.6,5,1000,49,958,36,36
8,0.45,0.6,6,1000,18,965,11,11
8,0.45,0.7,2,1000,951,997,938,938
8,0.45,0.7,3,1000,205,968,169,169
8,0.45,0.7,4,1000,31,966,25,25
8,0.45,0.7,5,1000,8,980,6,6
8,0.45,0.7,6,1000,1,978,1,1
8,0.45,0.8,2,1000,939,996,932,932
8,0.45,0.8,3,1000,192,968,148,148
8,0.45,0.8,4,1000,25,967,16,16
8,0.45,0.8,5,1000,6,985,6,6
8,0.45,0.8,6,1000,0,977,0,0
8,0.5,0.4,2,1000,1000,990,1000,1000
8,0.5,0.4,3,1000,891,962,853,853
8,0.5,0.4,4,1000,618,923,547,547
8,0.5,0.4,5,1000,393,914,336,336
8,0.5,0.4,6,1000,277,925,223,223
8,0.5,0.5,2,1000,989,986,987,987
8,0.5,0.5,3,1000,622,940,564,564
8,0.5,0.5,4,1000,306,937,250,250
8,0.5,0.5,5,1000,126,923,88,88
8,0.5,0.5,6,1000,56,921,44,44
8,0.5,0.6,2,1000,949,989,931,931
8,0.5,0.6,3,1000,293,939,231,231
8,0.5,0.6,4,1000,84,935,62,62
8,0.5,0.6,5,1000,25,953,18,18
8,0.5,0.6,6,1000,6,961,5,5
8,0.5,0.7,2,1000,825,995,782,782
8,0.5,0.7,3,1000,101,960,72,72
8,0.5,0.7,4,1000,14,957,12,12
8,0.5,0.7,5,1000,3,961,2,2
8,0.5,0.7,6,1000,0,969,0,0
8,0.5,0.8,2,1000,839,986,795,795
8,0.5,0.8,3,1000,99,954,64,64
8,0.5,0.8,4,1000,14,961,10,10
8,0.5,0.8,5,1000,3,962,3,3
8,0.5,0.8,6,1000,1,975,1,1
8,0.55,0.4,2,1000,993,984,988,988
8,0.55,0.4,3,1000,761,925,706,706
8,0.55,0.4,4,1000,521,892,452,452
8,0.55,0.4,5,1000,343,885,289,289
8,0.55,0.4,6,1000,222,902,180,180
8,0.55,0.5,2,1000,971,987,948,948
8,0.55,0.5,3,1000,503,906,415,415
8,0.55,0.5,4,1000,198,892,160,160
8,0.55,0.5,5,1000,84,903,58,58
8,0.55,0.5,6,1000,38,930,25,25
8,0.55,0.6,2,1000,853,968,806,806
8,0.55,0.6,3,1000,221,920,159,159
8,0.55,0.6,4,1000,48,935,29,29
8,0.55,0.6,5,1000,18,941,13,13
8,0.55,0.6,6,1000,10,945,7,7
8,0.55,0.7,2,1000,578,969,506,506
8,0.55,0.7,3,1000,46,928,31,31
8,0.55,0.7,4,1000,2,946,1,1
8,0.55,0.7,5,1000,1,956,1,1
8,0.55,0.7,6,1000,0,973,0,0
8,0.55,0.8,2,1000,591,962,529,529
8,0.55,0.8,3,1000,44,937,31,31
8,0.55,0.8,4,1000,4,937,4,4
8,0.55,0.8,5,1000,1,970,0,0
8,0.55,0.8,6,1000,1,964,1,1
8,0.6,0.4,2,1000,983,967,965,965
8,0.6,0.4,3,1000,685,867,601,601
8,0.6,0.4,4,1000,427,856,367,367
8,0.6,0.4,5,1000,254,895,203,203
8,0.6,0.4,6,1000,167,876,127,127
8,0.6,0.5,2,1000,883,940,825,825
8,0.6,0.5,3,1000,387,851,308,308
8,0.6,0.5,4,1000,136,869,106,106
8,0.6,0.5,5,1000,69,901,49,49
8,0.6,0.5,6,1000,30,914,23,23
8,0.6,0.6,2,1000,661,934,573,573
8,0.6,0.6,3,1000,112,880,75,75
8,0.6,0.6,4,1000,31,913,24,24
8,0.6,0.6,5,1000,9,923,8,8
8,0.6,0.6,6,1000,5,940,2,2
8,0.6,0.7,2,1000,352,912,255,255
8,0.6,0.7,3,1000,22,920,12,12
8,0.6,0.7,4,1000,5,935,4,4
8,0.6,0.7,5,1000,0,953,0,0
8,0.6,0.7,6,1000,0,977,0,0
8,0.6,0.8,2,1000,332,913,253,253
8,0.6,0.8,3,1000,20,907,14,14
8,0.6,0.8,4,1000,2,949,2,2
8,0.6,0.8,5,1000,1,951,0,0
8,0.6,0.8,6,1000,0,965,0,0
8,0.65,0.4,2,1000,936,933,883,883
8,0.65,0.4,3,1000,574,819,486,486
8,0.65,0.4,4,1000,325,805,247,247
8,0.65,0.4,5,1000,212,836,164,164
8,0.65,0.4,6,1000,130,853,107,107
8,0.65,0.5,2,1000,777,888,675,675
8,0.65,0.5,3,1000,274,819,203,203
8,0.65,0.5,4,1000,100,843,70,70
8,0.65,0.5,5,1000,44,876,30,30
8,0.65,0.5,6,1000,21,895,15,15
8,0.65,0.6,2,1000,470,861,340,340
8,0.65,0.6,3,1000,79,866,53,53
8,0.65,0.6,4,1000,16,882,10,10
8,0.65,0.6,5,1000,1,912,0,0
8,0.65,0.6,6,1000,1,933,1,1
8,0.65,0.7,2,1000,194,883,117,117
8,0.65,0.7,3,1000,15,910,6,6
8,0.65,0.7,4,1000,0,927,0,0
8,0.65,0.7,5,1000,1,949,0,0
8,0.65,0.7,6,1000,0,947,0,0
8,0.65,0.8,2,1000,206,887,133,133
8,0.65,0.8,3,1000,12,902,4,4
8,0.65,0.8,4,1000,0,930,0,0
8,0.65,0.8,5,1000,1,946,1,1
8,0.65,0.8,6,1000,1,965,0,0
8,0.7,0.4,2,1000,843,849,759,759
8,0.7,0.4,3,1000,470,736,370,370
8,0.7,0.4,4,1000,250,777,197,197
8,0.7,0.4,5,1000,138,788,106,106
8,0.7,0.4,6,1000,87,829,58,58
8,0.7,0.5,2,1000,623,798,482,482
8,0.7,0.5,3,1000,175,786,124,124
8,0.7,0.5,4,1000,58,823,39,39
8,0.7,0.5,5,1000,31,862,16,16
8,0.7,0.5,6,1000,10,866,8,8
8,0.7,0.6,2,1000,304,813,196,196
8,0.7,0.6,3,1000,45,850,25,25
8,0.7,0.6,4,1000,11,876,4,4
8,0.7,0.6,5,1000,4,899,3,3
8,0.7,0.6,6,1000,1,930,1,1
8,0.7,0.7,2,1000,93,851,50,50
8,0.7,0.7,3,1000,8,904,6,6
8,0.7,0.7,4,1000,1,934,1,1
8,0.7,0.7,5,1000,0,948,0,0
8,0.7,0.7,6,1000,0,952,0,0
8,0.7,0.8,2,1000,90,848,32,32
8,0.7,0.8,3,1000,4,888,1,1
8,0.7,0.8,4,1000,1,919,0,0
8,0.7,0.8,5,1000,0,928,0,0
8,0.7,0.8,6,1000,0,947,0,0
8,0.75,0.4,2,1000,734,734,602,602
8,0.75,0.4,3,1000,345,690,247,247
8,0.75,0.4,4,1000,197,717,139,139
8,0.75,0.4,5,1000,93,752,68,68
8,0.75,0.4,6,1000,69,807,43,43
8,0.75,0.5,2,1000,458,701,332,332
8,0.75,0.5,3,1000,135,718,86,86
8,0.75,0.5,4,1000,50,782,31,31
8,0.75,0.5,5,1000,13,850,7,7
8,0.75,0.5,6,1000,8,851,7,7
8,0.75,0.6,2,1000,185,768,97,97
8,0.75,0.6,3,1000,25,781,10,10
8,0.75,0.6,4,1000,5,842,2,2
8,0.75,0.6,5,1000,0,897,0,0
8,0.75,0.6,6,1000,0,916,0,0
8,0.75,0.7,2,1000,45,812,16,16
8,0.75,0.7,3,1000,3,858,1,1
8,0.75,0.7,4,1000,0,916,0,0
8,0.75,0.7,5,1000,0,930,0,0
8,0.75,0.7,6,1000,0,951,0,0
8,0.75,0.8,2,1000,37,856,13,13
8,0.75,0.8,3,1000,3,887,1,1
8,0.75,0.8,4,1000,0,916,0,0
8,0.75,0.8,5,1000,0,940,0,0
8,0.75,0.8,6,1000,0,953,0,0
8,0.8,0.4,2,1000,578,580,446,446
8,0.8,0.4,3,1000,273,605,197,197
8,0.8,0.4,4,1000,136,679,92,92
8,0.8,0.4,5,1000,74,732,52,52
8,0.8,0.4,6,1000,45,770,32,32
8,0.8,0.5,2,1000,280,623,167,167
8,0.8,0.5,3,1000,69,700,35,35
8,0.8,0.5,4,1000,26,749,20,20
8,0.8,0.5,5,1000,21,804,11,11
8,0.8,0.5,6,1000,7,831,7,7
8,0.8,0.6,2,1000,81,721,39,39
8,0.8,0.6,3,1000,6,786,3,3
8,0.8,0.6,4,1000,3,841,2,2
8,0.8,0.6,5,1000,0,872,0,0
8,0.8,0.6,6,1000,0,900,0,0
8,0.8,0.7,2,1000,18,781,8,8
8,0.8,0.7,3,1000,1,861,0,0
8,0.8,0.7,4,1000,0,901,0,0
8,0.8,0.7,5,1000,0,916,0,0
8,0.8,0.7,6,1000,0,955,0,0
8,0.8,0.8,2,1000,10,798,3,3
8,0.8,0.8,3,1000,1,856,1,1
8,0.8,0.8,4,1000,0,892,0,0
8,0.8,0.8,5,1000,0,926,0,0
8,0.8,0.8,6,1000,0,946,0,0
8,0.85,0.4,2,1000,427,486,270,270
8,0.85,0.4,3,1000,149,537,96,96
8,0.85,0.4,4,1000,80,646,52,52
8,0.85,0.4,5,1000,53,690,40,40
8,0.85,0.4,6,1000,17,746,13,13
8,0.85,0.5,2,1000,175,525,81,81
8,0.85,0.5,3,1000,35,640,19,19
8,0.85,0.5,4,1000,7,732,2,2
8,0.85,0.5,5,1000,5,787,3,3
8,0.85,0.5,6,1000,2,819,2,2
8,0.85,0.6,2,1000,38,646,18,18
8,0.85,0.6,3,1000,6,743,0,0
8,0.85,0.6,4,1000,1,799,1,1
8,0.85,0.6,5,1000,0,854,0,0
8,0.85,0.6,6,1000,0,877,0,0
8,0.85,0.7,2,1000,7,760,0,0
8,0.85,0.7,3,1000,0,858,0,0
8,0.85,0.7,4,1000,0,902,0,0
8,0.85,0.7,5,1000,0,942,0,0
8,0.85,0.7,6,1000,0,928,0,0
8,0.85,0.8,2,1000,9,774,2,2
8,0.85,0.8,3,1000,1,851,0,0
8,0.85,0.8,4,1000,0,885,0,0
8,0.85,0.8,5,1000,0,915,0,0
8,0.85,0.8,6,1000,0,936,0,0
8,0.9,0.4,2,1000,229,354,139,139
8,0.9,0.4,3,1000,88,491,51,51
8,0.9,0.4,4,1000,40,587,27,27
8,0.9,0.4,5,1000,19,644,12,12
8,0.9,0.4,6,1000,7,697,5,5
8,0.9,0.5,2,1000,92,429,28,28
8,0.9,0.5,3,1000,13,621,6,6
8,0.9,0.5,4,1000,3,694,1,1
8,0.9,0.5,5,1000,2,774,0,0
8,0.9,0.5,6,1000,0,792,0,0
8,0.9,0.6,2,1000,15,566,8,8
8,0.9,0.6,3,1000,0,695,0,0
8,0.9,0.6,4,1000,0,832,0,0
8,0.9,0.6,5,1000,0,850,0,0
8,0.9,0.6,6,1000,0,872,0,0
8,0.9,0.7,2,1000,1,730,0,0
8,0.9,0.7,3,1000,0,811,0,0
8,0.9,0.7,4,1000,0,888,0,0
8,0.9,0.7,5,1000,0,926,0,0
8,0.9,0.7,6,1000,0,923,0,0
8,0.9,0.8,2,1000,0,722,0,0
8,0.9,0.8,3,1000,0,830,0,0
8,0.9,0.8,4,1000,0,884,0,0
8,0.9,0.8,5,1000,0,903,0,0
8,0.9,0.8,6,1000,0,927,0,0
8,0.95,0.4,2,1000,96,258,44,44
8,0.95,0.4,3,1000,34,396,14,14
8,0.95,0.4,4,1000,18,485,6,6
8,0.95,0.4,5,1000,10,597,7,7
8,0.95,0.4,6,1000,5,660,3,3
8,0.95,0.5,2,1000,14,376,6,6
8,0.95,0.5,3,1000,1,567,0,0
8,0.95,0.5,4,1000,2,655,1,1
8,0.95,0.5,5,1000,0,718,0,0
8,0.95,0.5,6,1000,0,790,0,0
8,0.95,0.6,2,1000,3,532,1,1
8,0.95,0.6,3,1000,0,682,0,0
8,0.95,0.6,4,1000,0,797,0,0
8,0.95,0.6,5,1000,0,825,0,0
8,0.95,0.6,6,1000,0,869,0,0
8,0.95,0.7,2,1000,0,672,0,0
8,0.95,0.7,3,1000,0,824,0,0
8,0.95,0.7,4,1000,0,872,0,0
8,0.95,0.7,5,1000,0,907,0,0
8,0.95,0.7,6,1000,0,930,0,0
8,0.95,0.8,2,1000,0,711,0,0
8,0.95,0.8,3,1000,0,823,0,0
8,0.95,0.8,4,1000,0,867,0,0
8,0.95,0.8,5,1000,0,920,0,0
8,0.95,0.8,6,1000,0,927,0,0
12,0.1,0.4,2,1000,1000,1000,1000,1000
12,0.1,0.4,3,1000,999,1000,999,999
12,0.1,0.4,4,1000,978,1000,976,976
12,0.1,0.4,5,1000,906,1000,903,903
12,0.1,0.4,6,1000,750,999,746,746
12,0.1,0.5,2,1000,1000,1000,1000,1000
12,0.1,0.5,3,1000,998,999,998,998
12,0.1,0.5,4,1000,934,1000,933,933
12,0.1,0.5,5,1000,790,999,789,789
12,0.1,0.5,6,1000,569,999,564,564
12,0.1,0.6,2,1000,1000,999,1000,1000
12,0.1,0.6,3,1000,984,1000,984,984
12,0.1,0.6,4,1000,841,999,839,839
12,0.1,0.6,5,1000,611,1000,607,607
12,0.1,0.6,6,1000,355,1000,351,351
12,0.1,0.7,2,1000,1000,1000,1000,1000
12,0.1,0.7,3,1000,964,1000,964,964
12,0.1,0.7,4,1000,734,1000,734,734
12,0.1,0.7,5,1000,403,1000,399,399
12,0.1,0.7,6,1000,188,999,182,182
12,0.1,0.8,2,1000,998,1000,998,998
12,0.1,0.8,3,1000,861,1000,861,861
12,0.1,0.8,4,1000,385,1000,382,382
12,0.1,0.8,5,1000,109,1000,107,107
12,0.1,0.8,6,1000,22,999,22,22
12,0.15,0.4,2,1000,1000,999,1000,1000
12,0.15,0.4,3,1000,1000,1000,1000,1000
12,0.15,0.4,4,1000,969,997,968,968
12,0.15,0.4,5,1000,863,997,858,858
12,0.15,0.4,6,1000,683,997,670,670
12,0.15,0.5,2,1000,1000,1000,1000,1000
12,0.15,0.5,3,1000,991,1000,991,991
12,0.15,0.5,4,1000,919,1000,914,914
12,0.15,0.5,5,1000,693,998,686,686
12,0.15,0.5,6,1000,497,997,485,485
12,0.15,0.6,2,1000,1000,1000,1000,1000
12,0.15,0.6,3,1000,975,1000,974,974
12,0.15,0.6,4,1000,782,997,776,776
12,0.15,0.6,5,1000,481,997,473,473
12,0.15,0.6,6,1000,265,999,257,257
12,0.15,0.7,2,1000,1000,1000,1000,1000
12,0.15,0.7,3,1000,946,1000,942,942
12,0.15,0.7,4,1000,670,999,666,666
12,0.15,0.7,5,1000,322,995,314,314
12,0.15,0.7,6,1000,118,994,103,103
12,0.15,0.8,2,1000,1000,1000,1000,1000
12,0.15,0.8,3,1000,776,1000,773,773
12,0.15,0.8,4,1000,300,999,294,294
12,0.15,0.8,5,1000,51,999,49,49
12,0.15,0.8,6,1000,8,1000,7,7
12,0.2,0.4,2,1000,1000,1000,1000,1000
12,0.2,0.4,3,1000,1000,1000,999,999
12,0.2,0.4,4,1000,959,997,957,957
12,0.2,0.4,5,1000,820,998,807,807
12,0.2,0.4,6,1000,606,989,589,589
12,0.2,0.5,2,1000,1000,1000,1000,1000
12,0.2,0.5,3,1000,994,1000,989,989
12,0.2,0.5,4,1000,875,995,864,864
12,0.2,0.5,5,1000,634,993,610,610
12,0.2,0.5,6,1000,365,993,347,347
12,0.2,0.6,2,1000,1000,1000,1000,1000
12,0.2,0.6,3,1000,956,1000,950,950
12,0.2,0.6,4,1000,706,997,698,698
12,0.2,0.6,5,1000,362,993,344,344
12,0.2,0.6,6,1000,146,990,125,125
12,0.2,0.7,2,1000,1000,1000,1000,1000
12,0.2,0.7,3,1000,916,998,908,908
12,0.2,0.7,4,1000,542,996,526,526
12,0.2,0.7,5,1000,158,995,151,151
12,0.2,0.7,6,1000,41,994,36,36
12,0.2,0.8,2,1000,996,1000,996,996
12,0.2,0.8,3,1000,674,998,670,670
12,0.2,0.8,4,1000,148,996,142,142
12,0.2,0.8,5,1000,10,997,10,10
12,0.2,0.8,6,1000,0,992,0,0
12,0.25,0.4,2,1000,1000,1000,1000,1000
12,0.25,0.4,3,1000,995,998,994,994
12,0.25,0.4,4,1000,917,993,910,910
12,0.25,0.4,5,1000,707,993,686,686
12,0.25,0.4,6,1000,466,983,438,438
12,0.25,0.5,2,1000,1000,1000,1000,1000
12,0.25,0.5,3,1000,982,995,980,980
12,0.25,0.5,4,1000,766,995,739,739
12,0.25,0.5,5,1000,451,977,431,431
12,0.25,0.5,6,1000,232,983,202,202
12,0.25,0.6,2,1000,1000,1000,1000,1000
12,0.25,0.6,3,1000,937,996,931,931
12,0.25,0.6,4,1000,537,986,516,516
12,0.25,0.6,5,1000,225,987,187,187
12,0.25,0.6,6,1000,55,981,47,47
12,0.25,0.7,2,1000,998,1000,998,998
12,0.25,0.7,3,1000,848,996,843,843
12,0.25,0.7,4,1000,315,992,291,291
12,0.25,0.7,5,1000,52,987,47,47
12,0.25,0.7,6,1000,16,992,14,14
12,0.25,0.8,2,1000,991,1000,989,989
12,0.25,0.8,3,1000,487,996,480,480
12,0.25,0.8,4,1000,53,997,46,46
12,0.25,0.8,5,1000,2,997,2,2
12,0.25,0.8,6,1000,0,995,0,0
12,0.3,0.4,2,1000,1000,999,1000,1000
12,0.3,0.4,3,1000,985,997,976,976
12,0.3,0.4,4,1000,866,979,835,835
12,0.3,0.4,5,1000,580,970,539,539
12,0.3,0.4,6,1000,362,980,319,319
12,0.3,0.5,2,1000,1000,1000,1000,1000
12,0.3,0.5,3,1000,951,992,939,939
12,0.3,0.5,4,1000,642,977,604,604
12,0.3,0.5,5,1000,306,978,271,271
12,0.3,0.5,6,1000,118,977,89,89
12,0.3,0.6,2,1000,999,1000,999,999
12,0.3,0.6,3,1000,854,992,832,832
12,0.3,0.6,4,1000,402,982,359,359
12,0.3,0.6,5,1000,122,978,98,98
12,0.3,0.6,6,1000,30,970,22,22
12,0.3,0.7,2,1000,993,998,993,993
12,0.3,0.7,3,1000,721,993,696,696
12,0.3,0.7,4,1000,194,986,168,168
12,0.3,0.7,5,1000,38,989,30,30
12,0.3,0.7,6,1000,4,985,2,2
12,0.3,0.8,2,1000,966,998,965,965
12,0.3,0.8,3,1000,284,996,261,261
12,0.3,0.8,4,1000,9,988,8,8
12,0.3,0.8,5,1000,0,986,0,0
12,0.3,0.8,6,1000,0,994,0,0
12,0.35,0.4,2,1000,1000,996,1000,1000
12,0.35,0.4,3,1000,971,991,963,963
12,0.35,0.4,4,1000,757,972,713,713
12,0.35,0.4,5,1000,433,957,371,371
12,0.35,0.4,6,1000,214,956,185,185
12,0.35,0.5,2,1000,1000,998,1000,1000
12,0.35,0.5,3,1000,902,985,880,880
12,0.35,0.5,4,1000,501,961,450,450
12,0.35,0.5,5,1000,200,974,165,165
12,0.35,0.5,6,1000,56,972,39,39
12,0.35,0.6,2,1000,1000,999,998,998
12,0.35,0.6,3,1000,720,980,689,689
12,0.35,0.6,4,1000,249,976,214,214
12,0.35,0.6,5,1000,46,966,33,33
12,0.35,0.6,6,1000,16,977,7,7
12,0.35,0.7,2,1000,990,998,988,988
12,0.35,0.7,3,1000,529,975,491,491
12,0.35,0.7,4,1000,86,970,70,70
12,0.35,0.7,5,1000,9,983,7,7
12,0.35,0.7,6,1000,2,985,1,1
12,0.35,0.8,2,1000,912,999,902,902
12,0.35,0.8,3,1000,106,986,93,93
12,0.35,0.8,4,1000,2,988,2,2
12,0.35,0.8,5,1000,0,988,0,0
12,0.35,0.8,6,1000,0,994,0,0
12,0.4,0.4,2,1000,1000,995,1000,1000
12,0.4,0.4,3,1000,920,979,902,902
12,0.4,0.4,4,1000,615,952,554,554
12,0.4,0.4,5,1000,295,955,240,240
12,0.4,0.4,6,1000,149,952,125,125
12,0.4,0.5,2,1000,999,996,997,997
12,0.4,0.5,3,1000,790,976,751,751
12,0.4,0.5,4,1000,322,945,270,270
12,0.4,0.5,5,1000,117,954,81,81
12,0.4,0.5,6,1000,26,955,20,20
12,0.4,0.6,2,1000,984,995,984,984
12,0.4,0.6,3,1000,571,958,506,506
12,0.4,0.6,4,1000,144,952,120,120
12,0.4,0.6,5,1000,31,950,14,14
12,0.4,0.6,6,1000,3,957,3,3
12,0.4,0.7,2,1000,978,996,974,974
12,0.4,0.7,3,1000,335,957,290,290
12,0.4,0.7,4,1000,39,952,26,26
12,0.4,0.7,5,1000,2,971,2,2
12,0.4,0.7,6,1000,1,971,1,1
12,0.4,0.8,2,1000,835,993,820,820
12,0.4,0.8,3,1000,36,977,28,28
12,0.4,0.8,4,1000,0,986,0,0
12,0.4,0.8,5,1000,0,990,0,0
12,0.4,0.8,6,1000,0,987,0,0
12,0.45,0.4,2,1000,999,989,993,993
12,0.45,0.4,3,1000,855,965,824,824
12,0.45,0.4,4,1000,458,919,393,393
12,0.45,0.4,5,1000,227,910,181,181
12,0.45,0.4,6,1000,97,930,66,66
12,0.45,0.5,2,1000,989,991,986,986
12,0.45,0.5,3,1000,658,943,588,588
12,0.45,0.5,4,1000,220,922,174,174
12,0.45,0.5,5,1000,62,927,39,39
12,0.45,0.5,6,1000,22,943,11,11
12,0.45,0.6,2,1000,970,988,964,964
12,0.45,0.6,3,1000,380,929,327,327
12,0.45,0.6,4,1000,75,946,50,50
12,0.45,0.6,5,1000,12,945,7,7
12,0.45,0.6,6,1000,1,955,1,1
12,0.45,0.7,2,1000,927,986,901,901
12,0.45,0.7,3,1000,183,954,136,136
12,0.45,0.7,4,1000,12,957,7,7
12,0.45,0.7,5,1000,0,966,0,0
12,0.45,0.7,6,1000,0,965,0,0
12,0.45,0.8,2,1000,627,985,590,590
12,0.45,0.8,3,1000,11,974,6,6
12,0.45,0.8,4,1000,0,975,0,0
12,0.45,0.8,5,1000,0,987,0,0
12,0.45,0.8,6,1000,0,982,0,0
12,0.5,0.4,2,1000,988,986,985,985
12,0.5,0.4,3,1000,732,902,663,663
12,0.5,0.4,4,1000,348,903,276,276
12,0.5,0.4,5,1000,165,910,121,121
12,0.5,0.4,6,1000,56,904,41,41
12,0.5,0.5,2,1000,973,976,956,956
12,0.5,0.5,3,1000,474,901,392,392
12,0.5,0.5,4,1000,150,905,100,100
12,0.5,0.5,5,1000,40,907,21,21
12,0.5,0.5,6,1000,14,926,10,10
12,0.5,0.6,2,1000,929,959,892,892
12,0.5,0.6,3,1000,225,927,175,175
12,0.5,0.6,4,1000,36,928,23,23
12,0.5,0.6,5,1000,9,929,7,7
12,0.5,0.6,6,1000,0,953,0,0
12,0.5,0.7,2,1000,796,971,753,753
12,0.5,0.7,3,1000,89,926,60,60
12,0.5,0.7,4,1000,3,933,1,1
12,0.5,0.7,5,1000,0,945,0,0
12,0.5,0.7,6,1000,0,957,0,0
12,0.5,0.8,2,1000,357,976,311,311
12,0.5,0.8,3,1000,3,960,1,1
12,0.5,0.8,4,1000,0,977,0,0
12,0.5,0.8,5,1000,0,975,0,0
12,0.5,0.8,6,1000,0,986,0,0
12,0.55,0.4,2,1000,981,964,965,965
12,0.55,0.4,3,1000,605,865,507,507
12,0.55,0.4,4,1000,238,846,177,177
12,0.55,0.4,5,1000,99,862,71,71
12,0.55,0.4,6,1000,47,883,30,30
12,0.55,0.5,2,1000,918,954,883,883
12,0.55,0.5,3,1000,330,865,246,246
12,0.55,0.5,4,1000,70,881,47,47
12,0.55,0.5,5,1000,24,905,14,14
12,0.55,0.5,6,1000,5,903,3,3
12,0.55,0.6,2,1000,799,944,738,738
12,0.55,0.6,3,1000,128,884,75,75
12,0.55,0.6,4,1000,7,913,2,2
12,0.55,0.6,5,1000,2,915,1,1
12,0.55,0.6,6,1000,0,934,0,0
12,0.55,0.7,2,1000,581,927,495,495
12,0.55,0.7,3,1000,49,900,22,22
12,0.55,0.7,4,1000,3,921,1,1
12,0.55,0.7,5,1000,0,958,0,0
12,0.55,0.7,6,1000,0,949,0,0
12,0.55,0.8,2,1000,163,956,107,107
12,0.55,0.8,3,1000,1,964,0,0
12,0.55,0.8,4,1000,0,964,0,0
12,0.55,0.8,5,1000,0,981,0,0
12,0.55,0.8,6,1000,0,985,0,0
12,0.6,0.4,2,1000,924,918,881,881
12,0.6,0.4,3,1000,445,806,361,361
12,0.6,0.4,4,1000,154,812,103,103
12,0.6,0.4,5,1000,67,844,39,39
12,0.6,0.4,6,1000,24,863,13,13
12,0.6,0.5,2,1000,826,884,730,730
12,0.6,0.5,3,1000,218,827,142,142
12,0.6,0.5,4,1000,46,828,27,27
12,0.6,0.5,5,1000,8,890,4,4
12,0.6,0.5,6,1000,1,904,1,1
12,0.6,0.6,2,1000,625,879,507,507
12,0.6,0.6,3,1000,83,876,43,43
12,0.6,0.6,4,1000,13,877,5,5
12,0.6,0.6,5,1000,0,908,0,0
12,0.6,0.6,6,1000,0,930,0,0
12,0.6,0.7,2,1000,381,870,277,277
12,0.6,0.7,3,1000,22,886,12,12
12,0.6,0.7,4,1000,2,917,1,1
12,0.6,0.7,5,1000,0,940,0,0
12,0.6,0.7,6,1000,0,950,0,0
12,0.6,0.8,2,1000,51,936,23,23
12,0.6,0.8,3,1000,1,949,0,0
12,0.6,0.8,4,1000,0,962,0,0
12,0.6,0.8,5,1000,0,969,0,0
12,0.6,0.8,6,1000,0,971,0,0
12,0.65,0.4,2,1000,837,842,723,723
12,0.65,0.4,3,1000,349,757,257,257
12,0.65,0.4,4,1000,113,775,67,67
12,0.65,0.4,5,1000,42,830,24,24
12,0.65,0.4,6,1000,11,863,6,6
12,0.65,0.5,2,1000,647,827,500,500
12,0.65,0.5,3,1000,130,782,72,72
12,0.65,0.5,4,1000,28,825,17,17
12,0.65,0.5,5,1000,7,861,3,3
12,0.65,0.5,6,1000,2,883,0,0
12,0.65,0.6,2,1000,428,790,281,281
12,0.65,0.6,3,1000,41,822,20,20
12,0.65,0.6,4,1000,6,867,5,5
12,0.65,0.6,5,1000,2,906,0,0
12,0.65,0.6,6,1000,0,899,0,0
12,0.65,0.7,2,1000,200,828,118,118
12,0.65,0.7,3,1000,6,875,2,2
12,0.65,0.7,4,1000,0,905,0,0
12,0.65,0.7,5,1000,0,902,0,0
12,0.65,0.7,6,1000,0,928,0,0
12,0.65,0.8,2,1000,16,916,6,6
12,0.65,0.8,3,1000,0,936,0,0
12,0.65,0.8,4,1000,0,951,0,0
12,0.65,0.8,5,1000,0,972,0,0
12,0.65,0.8,6,1000,0,979,0,0
12,0.7,0.4,2,1000,699,726,550,550
12,0.7,0.4,3,1000,208,706,127,127
12,0.7,0.4,4,1000,69,755,34,34
12,0.7,0.4,5,1000,20,779,8,8
12,0.7,0.4,6,1000,8,798,2,2
12,0.7,0.5,2,1000,454,720,316,316
12,0.7,0.5,3,1000,81,751,39,39
12,0.7,0.5,4,1000,9,806,2,2
12,0.7,0.5,5,1000,4,822,1,1
12,0.7,0.5,6,1000,2,858,2,2
12,0.7,0.6,2,1000,257,759,132,132
12,0.7,0.6,3,1000,17,817,8,8
12,0.7,0.6,4,1000,2,842,1,1
12,0.7,0.6,5,1000,1,870,0,0
12,0.7,0.6,6,1000,0,884,0,0
12,0.7,0.7,2,1000,109,810,53,53
12,0.7,0.7,3,1000,0,854,0,0
12,0.7,0.7,4,1000,0,883,0,0
12,0.7,0.7,5,1000,0,920,0,0
12,0.7,0.7,6,1000,0,910,0,0
12,0.7,0.8,2,1000,3,896,1,1
12,0.7,0.8,3,1000,0,939,0,0
12,0.7,0.8,4,1000,0,956,0,0
12,0.7,0.8,5,1000,0,971,0,0
12,0.7,0.8,6,1000,0,972,0,0
12,0.75,0.4,2,1000,535,634,373,373
12,0.75,0.4,3,1000,145,634,81,81
12,0.75,0.4,4,1000,42,710,26,26
12,0.75,0.4,5,1000,19,753,11,11
12,0.75,0.4,6,1000,5,799,4,4
12,0.75,0.5,2,1000,314,642,184,184
12,0.75,0.5,3,1000,32,734,16,16
12,0.75,0.5,4,1000,9,772,5,5
12,0.75,0.5,5,1000,0,841,0,0
12,0.75,0.5,6,1000,1,834,0,0
12,0.75,0.6,2,1000,126,710,44,44
12,0.75,0.6,3,1000,4,773,2,2
12,0.75,0.6,4,1000,1,817,0,0
12,0.75,0.6,5,1000,1,860,1,1
12,0.75,0.6,6,1000,0,868,0,0
12,0.75,0.7,2,1000,44,790,17,17
12,0.75,0.7,3,1000,0,818,0,0
12,0.75,0.7,4,1000,0,869,0,0
12,0.75,0.7,5,1000,0,909,0,0
12,0.75,0.7,6,1000,0,912,0,0
12,0.75,0.8,2,1000,0,881,0,0
12,0.75,0.8,3,1000,0,920,0,0
12,0.75,0.8,4,1000,0,947,0,0
12,0.75,0.8,5,1000,0,975,0,0
12,0.75,0.8,6,1000,0,973,0,0
12,0.8,0.4,2,1000,317,544,193,193
12,0.8,0.4,3,1000,69,587,31,31
12,0.8,0.4,4,1000,14,658,7,7
12,0.8,0.4,5,1000,9,701,3,3
12,0.8,0.4,6,1000,3,732,1,1
12,0.8,0.5,2,1000,152,573,65,65
12,0.8,0.5,3,1000,8,654,3,3
12,0.8,0.5,4,1000,2,749,1,1
12,0.8,0.5,5,1000,0,793,0,0
12,0.8,0.5,6,1000,0,812,0,0
12,0.8,0.6,2,1000,39,665,9,9
12,0.8,0.6,3,1000,3,729,2,2
12,0.8,0.6,4,1000,0,794,0,0
12,0.8,0.6,5,1000,0,858,0,0
12,0.8,0.6,6,1000,0,868,0,0
12,0.8,0.7,2,1000,9,719,3,3
12,0.8,0.7,3,1000,0,802,0,0
12,0.8,0.7,4,1000,0,848,0,0
12,0.8,0.7,5,1000,0,901,0,0
12,0.8,0.7,6,1000,0,901,0,0
12,0.8,0.8,2,1000,0,870,0,0
12,0.8,0.8,3,1000,0,918,0,0
12,0.8,0.8,4,1000,0,948,0,0
12,0.8,0.8,5,1000,0,963,0,0
12,0.8,0.8,6,1000,0,969,0,0
12,0.85,0.4,2,1000,172,427,81,81
12,0.85,0.4,3,1000,31,519,17,17
12,0.85,0.4,4,1000,9,597,3,3
12,0.85,0.4,5,1000,11,677,5,5
12,0.85,0.4,6,1000,0,694,0,0
12,0.85,0.5,2,1000,54,509,25,25
12,0.85,0.5,3,1000,8,622,1,1
12,0.85,0.5,4,1000,1,688,1,1
12,0.85,0.5,5,1000,0,739,0,0
12,0.85,0.5,6,1000,0,774,0,0
12,0.85,0.6,2,1000,15,582,6,6
12,0.85,0.6,3,1000,0,711,0,0
12,0.85,0.6,4,1000,0,772,0,0
12,0.85,0.6,5,1000,0,819,0,0
12,0.85,0.6,6,1000,0,851,0,0
12,0.85,0.7,2,1000,2,687,1,1
12,0.85,0.7,3,1000,0,773,0,0
12,0.85,0.7,4,1000,0,811,0,0
12,0.85,0.7,5,1000,0,871,0,0
12,0.85,0.7,6,1000,0,894,0,0
12,0.85,0.8,2,1000,0,834,0,0
12,0.85,0.8,3,1000,0,925,0,0
12,0.85,0.8,4,1000,0,939,0,0
12,0.85,0.8,5,1000,0,951,0,0
12,0.85,0.8,6,1000,0,950,0,0
12,0.9,0.4,2,1000,46,323,16,16
12,0.9,0.4,3,1000,11,472,4,4
12,0.9,0.4,4,1000,4,550,0,0
12,0.9,0.4,5,1000,0,601,0,0
12,0.9,0.4,6,1000,0,707,0,0
12,0.9,0.5,2,1000,16,430,4,4
12,0.9,0.5,3,1000,3,593,0,0
12,0.9,0.5,4,1000,0,652,0,0
12,0.9,0.5,5,1000,0,717,0,0
12,0.9,0.5,6,1000,0,786,0,0
12,0.9,0.6,2,1000,6,518,0,0
12,0.9,0.6,3,1000,0,675,0,0
12,0.9,0.6,4,1000,0,743,0,0
12,0.9,0.6,5,1000,0,801,0,0
12,0.9,0.6,6,1000,0,839,0,0
12,0.9,0.7,2,1000,2,653,0,0
12,0.9,0.7,3,1000,0,745,0,0
12,0.9,0.7,4,1000,0,806,0,0
12,0.9,0.7,5,1000,0,881,0,0
12,0.9,0.7,6,1000,0,876,0,0
12,0.9,0.8,2,1000,0,835,0,0
12,0.9,0.8,3,1000,0,896,0,0
12,0.9,0.8,4,1000,0,938,0,0
12,0.9,0.8,5,1000,0,960,0,0
12,0.9,0.8,6,1000,0,962,0,0
12,0.95,0.4,2,1000,6,237,2,2
12,0.95,0.4,3,1000,1,379,0,0
12,0.95,0.4,4,1000,1,506,0,0
12,0.95,0.4,5,1000,0,605,0,0
12,0.95,0.4,6,1000,0,648,0,0
12,0.95,0.5,2,1000,3,349,2,2
12,0.95,0.5,3,1000,0,501,0,0
12,0.95,0.5,4,1000,0,645,0,0
12,0.95,0.5,5,1000,0,699,0,0
12,0.95,0.5,6,1000,0,731,0,0
12,0.95,0.6,2,1000,0,468,0,0
12,0.95,0.6,3,1000,0,611,0,0
12,0.95,0.6,4,1000,0,730,0,0
12,0.95,0.6,5,1000,0,797,0,0
12,0.95,0.6,6,1000,0,823,0,0
12,0.95,0.7,2,1000,1,580,0,0
12,0.95,0.7,3,1000,0,728,0,0
12,0.95,0.7,4,1000,0,792,0,0
12,0.95,0.7,5,1000,0,826,0,0
12,0.95,0.7,6,1000,0,867,0,0
12,0.95,0.8,2,1000,0,819,0,0
12,0.95,0.8,3,1000,0,900,0,0
12,0.95,0.8,4,1000,0,934,0,0
12,0.95,0.8,5,1000,0,948,0,0
12,0.95,0.8,6,1000,0,940,0,0
16,0.1,0.4,2,1000,1000,1000,1000,1000
16,0.1,0.4,3,1000,988,999,988,988
16,0.1,0.4,4,1000,903,998,902,902
16,0.1,0.4,5,1000,742,996,739,739
16,0.1,0.4,6,1000,541,999,539,539
16,0.1,0.5,2,1000,1000,999,1000,1000
16,0.1,0.5,3,1000,936,998,936,936
16,0.1,0.5,4,1000,703,999,702,702
16,0.1,0.5,5,1000,388,999,387,387
16,0.1,0.5,6,1000,183,997,181,181
16,0.1,0.6,2,1000,996,999,996,996
16,0.1,0.6,3,1000,797,997,795,795
16,0.1,0.6,4,1000,393,999,391,391
16,0.1,0.6,5,1000,112,999,112,112
16,0.1,0.6,6,1000,27,999,27,27
16,0.1,0.7,2,1000,989,1000,989,989
16,0.1,0.7,3,1000,702,1000,702,702
16,0.1,0.7,4,1000,249,1000,248,248
16,0.1,0.7,5,1000,45,998,45,45
16,0.1,0.7,6,1000,0,1000,0,0
16,0.1,0.8,2,1000,957,1000,957,957
16,0.1,0.8,3,1000,439,999,437,437
16,0.1,0.8,4,1000,72,1000,72,72
16,0.1,0.8,5,1000,6,999,6,6
16,0.1,0.8,6,1000,0,998,0,0
16,0.15,0.4,2,1000,1000,1000,1000,1000
16,0.15,0.4,3,1000,987,998,987,987
16,0.15,0.4,4,1000,905,999,903,903
16,0.15,0.4,5,1000,739,997,730,730
16,0.15,0.4,6,1000,509,995,499,499
16,0.15,0.5,2,1000,1000,1000,1000,1000
16,0.15,0.5,3,1000,939,997,937,937
16,0.15,0.5,4,1000,649,997,639,639
16,0.15,0.5,5,1000,332,997,326,326
16,0.15,0.5,6,1000,152,997,141,141
16,0.15,0.6,2,1000,996,1000,996,996
16,0.15,0.6,3,1000,785,998,781,781
16,0.15,0.6,4,1000,310,997,304,304
16,0.15,0.6,5,1000,71,995,66,66
16,0.15,0.6,6,1000,9,997,9,9
16,0.15,0.7,2,1000,988,1000,987,987
16,0.15,0.7,3,1000,654,998,650,650
16,0.15,0.7,4,1000,192,998,192,192
16,0.15,0.7,5,1000,37,994,37,37
16,0.15,0.7,6,1000,1,997,1,1
16,0.15,0.8,2,1000,961,1000,960,960
16,0.15,0.8,3,1000,391,999,388,388
16,0.15,0.8,4,1000,43,999,42,42
16,0.15,0.8,5,1000,3,999,3,3
16,0.15,0.8,6,1000,0,998,0,0
16,0.2,0.4,2,1000,1000,999,1000,1000
16,0.2,0.4,3,1000,983,998,981,981
16,0.2,0.4,4,1000,899,994,889,889
16,0.2,0.4,5,1000,652,992,635,635
16,0.2,0.4,6,1000,436,990,408,408
16,0.2,0.5,2,1000,998,999,998,998
16,0.2,0.5,3,1000,930,990,921,921
16,0.2,0.5,4,1000,590,990,579,579
16,0.2,0.5,5,1000,277,987,258,258
16,0.2,0.5,6,1000,78,992,72,72
16,0.2,0.6,2,1000,990,1000,990,990
16,0.2,0.6,3,1000,695,993,687,687
16,0.2,0.6,4,1000,216,991,206,206
16,0.2,0.6,5,1000,36,997,34,34
16,0.2,0.6,6,1000,2,996,2,2
16,0.2,0.7,2,1000,978,998,973,973
16,0.2,0.7,3,1000,585,995,572,572
16,0.2,0.7,4,1000,104,994,98,98
16,0.2,0.7,5,1000,13,994,10,10
16,0.2,0.7,6,1000,0,992,0,0
16,0.2,0.8,2,1000,926,1000,922,922
16,0.2,0.8,3,1000,276,996,270,270
16,0.2,0.8,4,1000,12,997,11,11
16,0.2,0.8,5,1000,0,997,0,0
16,0.2,0.8,6,1000,0,997,0,0
16,0.25,0.4,2,1000,1000,999,1000,1000
16,0.25,0.4,3,1000,977,992,973,973
16,0.25,0.4,4,1000,829,982,817,817
16,0.25,0.4,5,1000,589,986,560,560
16,0.25,0.4,6,1000,348,978,327,327
16,0.25,0.5,2,1000,997,998,997,997
16,0.25,0.5,3,1000,866,985,850,850
16,0.25,0.5,4,1000,464,987,435,435
16,0.25,0.5,5,1000,165,984,143,143
16,0.25,0.5,6,1000,44,971,38,38
16,0.25,0.6,2,1000,984,997,984,984
16,0.25,0.6,3,1000,590,987,572,572
16,0.25,0.6,4,1000,132,983,114,114
16,0.25,0.6,5,1000,14,978,8,8
16,0.25,0.6,6,1000,2,986,1,1
16,0.25,0.7,2,1000,962,996,959,959
16,0.25,0.7,3,1000,434,989,418,418
16,0.25,0.7,4,1000,58,994,49,49
16,0.25,0.7,5,1000,0,991,0,0
16,0.25,0.7,6,1000,0,993,0,0
16,0.25,0.8,2,1000,894,999,892,892
16,0.25,0.8,3,1000,151,995,146,146
16,0.25,0.8,4,1000,1,990,1,1
16,0.25,0.8,5,1000,0,995,0,0
16,0.25,0.8,6,1000,0,998,0,0
16,0.3,0.4,2,1000,1000,996,999,999
16,0.3,0.4,3,1000,961,982,953,953
16,0.3,0.4,4,1000,762,966,735,735
16,0.3,0.4,5,1000,473,950,427,427
16,0.3,0.4,6,1000,232,965,196,196
16,0.3,0.5,2,1000,998,996,998,998
16,0.3,0.5,3,1000,796,976,775,775
16,0.3,0.5,4,1000,363,968,331,331
16,0.3,0.5,5,1000,97,971,71,71
16,0.3,0.5,6,1000,13,979,11,11
16,0.3,0.6,2,1000,975,997,974,974
16,0.3,0.6,3,1000,464,975,426,426
16,0.3,0.6,4,1000,73,969,62,62
16,0.3,0.6,5,1000,4,980,3,3
16,0.3,0.6,6,1000,0,984,0,0
16,0.3,0.7,2,1000,923,991,915,915
16,0.3,0.7,3,1000,277,985,248,248
16,0.3,0.7,4,1000,18,974,12,12
16,0.3,0.7,5,1000,2,985,2,2
16,0.3,0.7,6,1000,0,988,0,0
16,0.3,0.8,2,1000,833,992,820,820
16,0.3,0.8,3,1000,74,990,61,61
16,0.3,0.8,4,1000,1,991,0,0
16,0.3,0.8,5,1000,0,992,0,0
16,0.3,0.8,6,1000,0,996,0,0
16,0.35,0.4,2,1000,998,997,998,998
16,0.35,0.4,3,1000,934,975,924,924
16,0.35,0.4,4,1000,684,944,634,634
16,0.35,0.4,5,1000,356,942,304,304
16,0.35,0.4,6,1000,122,954,93,93
16,0.35,0.5,2,1000,993,995,991,991
16,0.35,0.5,3,1000,687,960,650,650
16,0.35,0.5,4,1000,231,930,194,194
16,0.35,0.5,5,1000,52,965,37,37
16,0.35,0.5,6,1000,4,968,2,2
16,0.35,0.6,2,1000,943,988,929,929
16,0.35,0.6,3,1000,313,962,274,274
16,0.35,0.6,4,1000,32,968,23,23
16,0.35,0.6,5,1000,0,972,0,0
16,0.35,0.6,6,1000,0,972,0,0
16,0.35,0.7,2,1000,893,991,873,873
16,0.35,0.7,3,1000,144,976,116,116
16,0.35,0.7,4,1000,5,977,4,4
16,0.35,0.7,5,1000,0,979,0,0
16,0.35,0.7,6,1000,0,987,0,0
16,0.35,0.8,2,1000,725,991,705,705
16,0.35,0.8,3,1000,19,989,12,12
16,0.35,0.8,4,1000,0,985,0,0
16,0.35,0.8,5,1000,0,990,0,0
16,0.35,0.8,6,1000,0,988,0,0
16,0.4,0.4,2,1000,992,983,991,991
16,0.4,0.4,3,1000,859,941,828,828
16,0.4,0.4,4,1000,561,915,491,491
16,0.4,0.4,5,1000,255,928,207,207
16,0.4,0.4,6,1000,88,922,62,62
16,0.4,0.5,2,1000,968,987,957,957
16,0.4,0.5,3,1000,554,949,501,501
16,0.4,0.5,4,1000,117,933,89,89
16,0.4,0.5,5,1000,25,953,16,16
16,0.4,0.5,6,1000,1,959,0,0
16,0.4,0.6,2,1000,888,966,864,864
16,0.4,0.6,3,1000,186,966,150,150
16,0.4,0.6,4,1000,5,968,2,2
16,0.4,0.6,5,1000,1,975,1,1
16,0.4,0.6,6,1000,0,972,0,0
16,0.4,0.7,2,1000,827,973,796,796
16,0.4,0.7,3,1000,59,961,43,43
16,0.4,0.7,4,1000,2,964,1,1
16,0.4,0.7,5,1000,0,978,0,0
16,0.4,0.7,6,1000,0,979,0,0
16,0.4,0.8,2,1000,539,973,508,508
16,0.4,0.8,3,1000,6,981,6,6
16,0.4,0.8,4,1000,0,982,0,0
16,0.4,0.8,5,1000,0,991,0,0
16,0.4,0.8,6,1000,0,986,0,0
16,0.45,0.4,2,1000,994,977,993,993
16,0.45,0.4,3,1000,798,893,754,754
16,0.45,0.4,4,1000,416,893,343,343
16,0.45,0.4,5,1000,183,910,136,136
16,0.45,0.4,6,1000,60,896,40,40
16,0.45,0.5,2,1000,943,954,928,928
16,0.45,0.5,3,1000,381,903,304,304
16,0.45,0.5,4,1000,59,898,40,40
16,0.45,0.5,5,1000,8,935,3,3
16,0.45,0.5,6,1000,0,948,0,0
16,0.45,0.6,2,1000,794,962,760,760
16,0.45,0.6,3,1000,109,929,79,79
16,0.45,0.6,4,1000,2,952,2,2
16,0.45,0.6,5,1000,0,961,0,0
16,0.45,0.6,6,1000,0,963,0,0
16,0.45,0.7,2,1000,659,950,601,601
16,0.45,0.7,3,1000,34,950,21,21
16,0.45,0.7,4,1000,1,968,0,0
16,0.45,0.7,5,1000,0,978,0,0
16,0.45,0.7,6,1000,0,978,0,0
16,0.45,0.8,2,1000,331,975,302,302
16,0.45,0.8,3,1000,1,969,1,1
16,0.45,0.8,4,1000,0,981,0,0
16,0.45,0.8,5,1000,0,986,0,0
16,0.45,0.8,6,1000,0,987,0,0
16,0.5,0.4,2,1000,986,962,974,974
16,0.5,0.4,3,1000,682,858,610,610
16,0.5,0.4,4,1000,294,846,223,223
16,0.5,0.4,5,1000,106,866,78,78
16,0.5,0.4,6,1000,33,886,19,19
16,0.5,0.5,2,1000,888,913,847,847
16,0.5,0.5,3,1000,266,869,199,199
16,0.5,0.5,4,1000,46,885,23,23
16,0.5,0.5,5,1000,6,918,4,4
16,0.5,0.5,6,1000,1,917,0,0
16,0.5,0.6,2,1000,659,919,581,581
16,0.5,0.6,3,1000,28,915,12,12
16,0.5,0.6,4,1000,0,923,0,0
16,0.5,0.6,5,1000,0,939,0,0
16,0.5,0.6,6,1000,0,956,0,0
16,0.5,0.7,2,1000,449,928,386,386
16,0.5,0.7,3,1000,7,923,1,1
16,0.5,0.7,4,1000,0,940,0,0
16,0.5,0.7,5,1000,0,953,0,0
16,0.5,0.7,6,1000,0,958,0,0
16,0.5,0.8,2,1000,154,952,125,125
16,0.5,0.8,3,1000,0,961,0,0
16,0.5,0.8,4,1000,0,971,0,0
16,0.5,0.8,5,1000,0,974,0,0
16,0.5,0.8,6,1000,0,984,0,0
16,0.55,0.4,2,1000,933,922,917,917
16,0.55,0.4,3,1000,544,828,445,445
16,0.55,0.4,4,1000,183,826,134,134
16,0.55,0.4,5,1000,72,833,47,47
16,0.55,0.4,6,1000,24,873,10,10
16,0.55,0.5,2,1000,792,856,712,712
16,0.55,0.5,3,1000,173,833,124,124
16,0.55,0.5,4,1000,13,857,7,7
16,0.55,0.5,5,1000,3,886,0,0
16,0.55,0.5,6,1000,0,903,0,0
16,0.55,0.6,2,1000,469,873,389,389
16,0.55,0.6,3,1000,18,897,8,8
16,0.55,0.6,4,1000,0,906,0,0
16,0.55,0.6,5,1000,0,925,0,0
16,0.55,0.6,6,1000,0,946,0,0
16,0.55,0.7,2,1000,275,894,205,205
16,0.55,0.7,3,1000,6,921,1,1
16,0.55,0.7,4,1000,0,932,0,0
16,0.55,0.7,5,1000,0,945,0,0
16,0.55,0.7,6,1000,0,946,0,0
16,0.55,0.8,2,1000,53,937,25,25
16,0.55,0.8,3,1000,0,952,0,0
16,0.55,0.8,4,1000,0,964,0,0
16,0.55,0.8,5,1000,0,979,0,0
16,0.55,0.8,6,1000,0,971,0,0
16,0.6,0.4,2,1000,892,847,827,827
16,0.6,0.4,3,1000,437,769,335,335
16,0.6,0.4,4,1000,117,780,75,75
16,0.6,0.4,5,1000,43,806,25,25
16,0.6,0.4,6,1000,11,843,7,7
16,0.6,0.5,2,1000,625,788,533,533
16,0.6,0.5,3,1000,101,810,63,63
16,0.6,0.5,4,1000,15,819,6,6
16,0.6,0.5,5,1000,1,876,1,1
16,0.6,0.5,6,1000,0,892,0,0
16,0.6,0.6,2,1000,272,825,176,176
16,0.6,0.6,3,1000,6,866,3,3
16,0.6,0.6,4,1000,0,885,0,0
16,0.6,0.6,5,1000,0,938,0,0
16,0.6,0.6,6,1000,0,914,0,0
16,0.6,0.7,2,1000,145,858,89,89
16,0.6,0.7,3,1000,1,922,0,0
16,0.6,0.7,4,1000,0,927,0,0
16,0.6,0.7,5,1000,0,944,0,0
16,0.6,0.7,6,1000,0,951,0,0
16,0.6,0.8,2,1000,19,918,10,10
16,0.6,0.8,3,1000,0,950,0,0
16,0.6,0.8,4,1000,0,959,0,0
16,0.6,0.8,5,1000,0,975,0,0
16,0.6,0.8,6,1000,0,976,0,0
16,0.65,0.4,2,1000,784,729,676,676
16,0.65,0.4,3,1000,261,697,173,173
16,0.65,0.4,4,1000,91,754,54,54
16,0.65,0.4,5,1000,15,760,9,9
16,0.65,0.4,6,1000,7,802,2,2
16,0.65,0.5,2,1000,453,716,321,321
16,0.65,0.5,3,1000,43,768,24,24
16,0.65,0.5,4,1000,2,827,1,1
16,0.65,0.5,5,1000,0,843,0,0
16,0.65,0.5,6,1000,0,867,0,0
16,0.65,0.6,2,1000,123,788,56,56
16,0.65,0.6,3,1000,2,850,0,0
16,0.65,0.6,4,1000,0,871,0,0
16,0.65,0.6,5,1000,0,894,0,0
16,0.65,0.6,6,1000,0,904,0,0
16,0.65,0.7,2,1000,45,842,17,17
16,0.65,0.7,3,1000,0,883,0,0
16,0.65,0.7,4,1000,0,906,0,0
16,0.65,0.7,5,1000,0,933,0,0
16,0.65,0.7,6,1000,0,937,0,0
16,0.65,0.8,2,1000,1,896,1,1
16,0.65,0.8,3,1000,0,954,0,0
16,0.65,0.8,4,1000,0,950,0,0
16,0.65,0.8,5,1000,0,964,0,0
16,0.65,0.8,6,1000,0,961,0,0
16,0.7,0.4,2,1000,659,611,529,529
16,0.7,0.4,3,1000,173,668,98,98
16,0.7,0.4,4,1000,39,694,18,18
16,0.7,0.4,5,1000,4,723,2,2
16,0.7,0.4,6,1000,2,799,1,1
16,0.7,0.5,2,1000,257,675,147,147
16,0.7,0.5,3,1000,19,745,13,13
16,0.7,0.5,4,1000,1,785,0,0
16,0.7,0.5,5,1000,0,832,0,0
16,0.7,0.5,6,1000,0,836,0,0
16,0.7,0.6,2,1000,48,761,17,17
16,0.7,0.6,3,1000,2,822,2,2
16,0.7,0.6,4,1000,0,852,0,0
16,0.7,0.6,5,1000,0,897,0,0
16,0.7,0.6,6,1000,0,901,0,0
16,0.7,0.7,2,1000,12,819,2,2
16,0.7,0.7,3,1000,0,872,0,0
16,0.7,0.7,4,1000,0,894,0,0
16,0.7,0.7,5,1000,0,915,0,0
16,0.7,0.7,6,1000,0,937,0,0
16,0.7,0.8,2,1000,1,880,0,0
16,0.7,0.8,3,1000,0,928,0,0
16,0.7,0.8,4,1000,0,942,0,0
16,0.7,0.8,5,1000,0,971,0,0
16,0.7,0.8,6,1000,0,955,0,0
16,0.75,0.4,2,1000,451,518,298,298
16,0.75,0.4,3,1000,85,577,39,39
16,0.75,0.4,4,1000,22,636,12,12
16,0.75,0.4,5,1000,9,682,3,3
16,0.75,0.4,6,1000,2,723,2,2
16,0.75,0.5,2,1000,117,589,50,50
16,0.75,0.5,3,1000,6,683,2,2
16,0.75,0.5,4,1000,0,730,0,0
16,0.75,0.5,5,1000,0,795,0,0
16,0.75,0.5,6,1000,0,835,0,0
16,0.75,0.6,2,1000,15,689,4,4
16,0.75,0.6,3,1000,0,777,0,0
16,0.75,0.6,4,1000,0,848,0,0
16,0.75,0.6,5,1000,0,884,0,0
16,0.75,0.6,6,1000,0,884,0,0
16,0.75,0.7,2,1000,2,774,0,0
16,0.75,0.7,3,1000,0,842,0,0
16,0.75,0.7,4,1000,0,853,0,0
16,0.75,0.7,5,1000,0,900,0,0
16,0.75,0.7,6,1000,0,925,0,0
16,0.75,0.8,2,1000,1,896,0,0
16,0.75,0.8,3,1000,0,934,0,0
16,0.75,0.8,4,1000,0,942,0,0
16,0.75,0.8,5,1000,0,949,0,0
16,0.75,0.8,6,1000,0,960,0,0
16,0.8,0.4,2,1000,235,401,126,126
16,0.8,0.4,3,1000,42,500,17,17
16,0.8,0.4,4,1000,10,610,5,5
16,0.8,0.4,5,1000,3,644,1,1
16,0.8,0.4,6,1000,0,684,0,0
16,0.8,0.5,2,1000,58,540,17,17
16,0.8,0.5,3,1000,1,658,1,1
16,0.8,0.5,4,1000,0,713,0,0
16,0.8,0.5,5,1000,0,771,0,0
16,0.8,0.5,6,1000,0,805,0,0
16,0.8,0.6,2,1000,2,672,1,1
16,0.8,0.6,3,1000,0,753,0,0
16,0.8,0.6,4,1000,0,794,0,0
16,0.8,0.6,5,1000,0,865,0,0
16,0.8,0.6,6,1000,0,893,0,0
16,0.8,0.7,2,1000,3,716,0,0
16,0.8,0.7,3,1000,0,791,0,0
16,0.8,0.7,4,1000,0,846,0,0
16,0.8,0.7,5,1000,0,898,0,0
16,0.8,0.7,6,1000,0,907,0,0
16,0.8,0.8,2,1000,0,885,0,0
16,0.8,0.8,3,1000,0,913,0,0
16,0.8,0.8,4,1000,0,940,0,0
16,0.8,0.8,5,1000,0,945,0,0
16,0.8,0.8,6,1000,0,958,0,0
16,0.85,0.4,2,1000,127,281,50,50
16,0.85,0.4,3,1000,19,412,9,9
16,0.85,0.4,4,1000,1,489,0,0
16,0.85,0.4,5,1000,0,607,0,0
16,0.85,0.4,6,1000,0,632,0,0
16,0.85,0.5,2,1000,21,447,10,10
16,0.85,0.5,3,1000,0,568,0,0
16,0.85,0.5,4,1000,0,670,0,0
16,0.85,0.5,5,1000,0,750,0,0
16,0.85,0.5,6,1000,0,792,0,0
16,0.85,0.6,2,1000,2,628,0,0
16,0.85,0.6,3,1000,0,741,0,0
16,0.85,0.6,4,1000,0,771,0,0
16,0.85,0.6,5,1000,0,859,0,0
16,0.85,0.6,6,1000,0,867,0,0
16,0.85,0.7,2,1000,0,691,0,0
16,0.85,0.7,3,1000,0,814,0,0
16,0.85,0.7,4,1000,0,848,0,0
16,0.85,0.7,5,1000,0,870,0,0
16,0.85,0.7,6,1000,0,906,0,0
16,0.85,0.8,2,1000,0,835,0,0
16,0.85,0.8,3,1000,0,889,0,0
16,0.85,0.8,4,1000,0,918,0,0
16,0.85,0.8,5,1000,0,937,0,0
16,0.85,0.8,6,1000,0,944,0,0
16,0.9,0.4,2,1000,28,221,10,10
16,0.9,0.4,3,1000,5,357,0,0
16,0.9,0.4,4,1000,0,490,0,0
16,0.9,0.4,5,1000,0,536,0,0
16,0.9,0.4,6,1000,0,612,0,0
16,0.9,0.5,2,1000,4,416,0,0
16,0.9,0.5,3,1000,0,523,0,0
16,0.9,0.5,4,1000,0,631,0,0
16,0.9,0.5,5,1000,0,715,0,0
16,0.9,0.5,6,1000,0,770,0,0
16,0.9,0.6,2,1000,0,570,0,0
16,0.9,0.6,3,1000,0,709,0,0
16,0.9,0.6,4,1000,0,774,0,0
16,0.9,0.6,5,1000,0,825,0,0
16,0.9,0.6,6,1000,0,859,0,0
16,0.9,0.7,2,1000,0,671,0,0
16,0.9,0.7,3,1000,0,780,0,0
16,0.9,0.7,4,1000,0,827,0,0
16,0.9,0.7,5,1000,0,863,0,0
16,0.9,0.7,6,1000,0,897,0,0
16,0.9,0.8,2,1000,0,814,0,0
16,0.9,0.8,3,1000,0,885,0,0
16,0.9,0.8,4,1000,0,917,0,0
16,0.9,0.8,5,1000,0,942,0,0
16,0.9,0.8,6,1000,0,949,0,0
16,0.95,0.4,2,1000,3,120,0,0
16,0.95,0.4,3,1000,0,260,0,0
16,0.95,0.4,4,1000,0,415,0,0
16,0.95,0.4,5,1000,0,491,0,0
16,0.95,0.4,6,1000,0,555,0,0
16,0.95,0.5,2,1000,0,302,0,0
16,0.95,0.5,3,1000,0,498,0,0
16,0.95,0.5,4,1000,0,580,0,0
16,0.95,0.5,5,1000,0,693,0,0
16,0.95,0.5,6,1000,0,718,0,0
16,0.95,0.6,2,1000,0,520,0,0
16,0.95,0.6,3,1000,0,676,0,0
16,0.95,0.6,4,1000,0,772,0,0
16,0.95,0.6,5,1000,0,795,0,0
16,0.95,0.6,6,1000,0,846,0,0
16,0.95,0.7,2,1000,0,600,0,0
16,0.95,0.7,3,1000,0,759,0,0
16,0.95,0.7,4,1000,0,808,0,0
16,0.95,0.7,5,1000,0,863,0,0
16,0.95,0.7,6,1000,0,899,0,0
16,0.95,0.8,2,1000,0,826,0,0
16,0.95,0.8,3,1000,0,872,0,0
16,0.95,0.8,4,1000,0,905,0,0
16,0.95,0.8,5,1000,0,943,0,0
16,0.95,0.8,6,1000,0,949,0,0
20,0.1,0.4,2,1000,995,995,995,995
20,0.1,0.4,3,1000,899,993,898,898
20,0.1,0.4,4,1000,660,992,658,658
20,0.1,0.4,5,1000,336,993,336,336
20,0.1,0.4,6,1000,182,998,179,179
20,0.1,0.5,2,1000,985,995,985,985
20,0.1,0.5,3,1000,722,989,719,719
20,0.1,0.5,4,1000,311,995,311,311
20,0.1,0.5,5,1000,98,996,98,98
20,0.1,0.5,6,1000,20,999,19,19
20,0.1,0.6,2,1000,941,990,941,941
20,0.1,0.6,3,1000,526,998,526,526
20,0.1,0.6,4,1000,106,996,105,105
20,0.1,0.6,5,1000,12,1000,12,12
20,0.1,0.6,6,1000,1,1000,1,1
20,0.1,0.7,2,1000,893,999,892,892
20,0.1,0.7,3,1000,280,998,279,279
20,0.1,0.7,4,1000,17,999,17,17
20,0.1,0.7,5,1000,0,1000,0,0
20,0.1,0.7,6,1000,0,1000,0,0
20,0.1,0.8,2,1000,772,998,772,772
20,0.1,0.8,3,1000,86,1000,85,85
20,0.1,0.8,4,1000,2,1000,2,2
20,0.1,0.8,5,1000,0,1000,0,0
20,0.1,0.8,6,1000,0,999,0,0
20,0.15,0.4,2,1000,995,991,995,995
20,0.15,0.4,3,1000,904,984,897,897
20,0.15,0.4,4,1000,628,983,623,623
20,0.15,0.4,5,1000,334,991,324,324
20,0.15,0.4,6,1000,155,999,148,148
20,0.15,0.5,2,1000,984,990,984,984
20,0.15,0.5,3,1000,728,991,721,721
20,0.15,0.5,4,1000,282,991,279,279
20,0.15,0.5,5,1000,69,997,68,68
20,0.15,0.5,6,1000,11,996,10,10
20,0.15,0.6,2,1000,949,991,946,946
20,0.15,0.6,3,1000,480,994,478,478
20,0.15,0.6,4,1000,90,993,88,88
20,0.15,0.6,5,1000,8,997,6,6
20,0.15,0.6,6,1000,0,996,0,0
20,0.15,0.7,2,1000,874,994,872,872
20,0.15,0.7,3,1000,232,996,229,229
20,0.15,0.7,4,1000,9,999,7,7
20,0.15,0.7,5,1000,0,998,0,0
20,0.15,0.7,6,1000,0,997,0,0
20,0.15,0.8,2,1000,744,997,742,742
20,0.15,0.8,3,1000,77,999,76,76
20,0.15,0.8,4,1000,0,1000,0,0
20,0.15,0.8,5,1000,0,997,0,0
20,0.15,0.8,6,1000,0,997,0,0
20,0.2,0.4,2,1000,994,991,993,993
20,0.2,0.4,3,1000,877,983,874,874
20,0.2,0.4,4,1000,600,984,590,590
20,0.2,0.4,5,1000,280,986,269,269
20,0.2,0.4,6,1000,104,977,99,99
20,0.2,0.5,2,1000,985,988,984,984
20,0.2,0.5,3,1000,694,980,683,683
20,0.2,0.5,4,1000,229,983,219,219
20,0.2,0.5,5,1000,55,988,51,51
20,0.2,0.5,6,1000,6,980,5,5
20,0.2,0.6,2,1000,936,979,936,936
20,0.2,0.6,3,1000,401,989,393,393
20,0.2,0.6,4,1000,59,996,53,53
20,0.2,0.6,5,1000,4,992,2,2
20,0.2,0.6,6,1000,0,996,0,0
20,0.2,0.7,2,1000,834,983,829,829
20,0.2,0.7,3,1000,170,998,166,166
20,0.2,0.7,4,1000,4,991,3,3
20,0.2,0.7,5,1000,0,997,0,0
20,0.2,0.7,6,1000,0,994,0,0
20,0.2,0.8,2,1000,709,988,704,704
20,0.2,0.8,3,1000,46,995,42,42
20,0.2,0.8,4,1000,0,995,0,0
20,0.2,0.8,5,1000,0,998,0,0
20,0.2,0.8,6,1000,0,996,0,0
20,0.25,0.4,2,1000,988,988,986,986
20,0.25,0.4,3,1000,848,954,833,833
20,0.25,0.4,4,1000,497,967,473,473
20,0.25,0.4,5,1000,226,978,201,201
20,0.25,0.4,6,1000,55,978,44,44
20,0.25,0.5,2,1000,970,987,969,969
20,0.25,0.5,3,1000,594,967,576,576
20,0.25,0.5,4,1000,190,973,178,178
20,0.25,0.5,5,1000,35,977,32,32
20,0.25,0.5,6,1000,1,983,1,1
20,0.25,0.6,2,1000,909,979,905,905
20,0.25,0.6,3,1000,321,986,305,305
20,0.25,0.6,4,1000,31,985,27,27
20,0.25,0.6,5,1000,0,992,0,0
20,0.25,0.6,6,1000,0,990,0,0
20,0.25,0.7,2,1000,783,979,771,771
20,0.25,0.7,3,1000,113,988,101,101
20,0.25,0.7,4,1000,2,992,2,2
20,0.25,0.7,5,1000,0,991,0,0
20,0.25,0.7,6,1000,0,997,0,0
20,0.25,0.8,2,1000,608,989,596,596
20,0.25,0.8,3,1000,22,992,19,19
20,0.25,0.8,4,1000,0,992,0,0
20,0.25,0.8,5,1000,0,997,0,0
20,0.25,0.8,6,1000,0,996,0,0
20,0.3,0.4,2,1000,987,987,987,987
20,0.3,0.4,3,1000,796,940,775,775
20,0.3,0.4,4,1000,383,950,351,351
20,0.3,0.4,5,1000,155,959,129,129
20,0.3,0.4,6,1000,31,960,25,25
20,0.3,0.5,2,1000,949,965,941,941
20,0.3,0.5,3,1000,517,953,476,476
20,0.3,0.5,4,1000,123,953,105,105
20,0.3,0.5,5,1000,11,970,6,6
20,0.3,0.5,6,1000,0,975,0,0
20,0.3,0.6,2,1000,857,968,847,847
20,0.3,0.6,3,1000,219,974,197,197
20,0.3,0.6,4,1000,10,981,6,6
20,0.3,0.6,5,1000,1,978,1,1
20,0.3,0.6,6,1000,0,988,0,0
20,0.3,0.7,2,1000,722,979,703,703
20,0.3,0.7,3,1000,61,979,56,56
20,0.3,0.7,4,1000,0,988,0,0
20,0.3,0.7,5,1000,0,983,0,0
20,0.3,0.7,6,1000,0,988,0,0
20,0.3,0.8,2,1000,508,987,486,486
20,0.3,0.8,3,1000,2,988,1,1
20,0.3,0.8,4,1000,0,993,0,0
20,0.3,0.8,5,1000,0,990,0,0
20,0.3,0.8,6,1000,0,992,0,0
20,0.35,0.4,2,1000,982,973,977,977
20,0.35,0.4,3,1000,717,935,689,689
20,0.35,0.4,4,1000,286,935,252,252
20,0.35,0.4,5,1000,87,942,63,63
20,0.35,0.4,6,1000,15,942,8,8
20,0.35,0.5,2,1000,911,950,900,900
20,0.35,0.5,3,1000,408,937,377,377
20,0.35,0.5,4,1000,56,948,43,43
20,0.35,0.5,5,1000,4,960,3,3
20,0.35,0.5,6,1000,0,957,0,0
20,0.35,0.6,2,1000,789,954,764,764
20,0.35,0.6,3,1000,128,952,107,107
20,0.35,0.6,4,1000,6,959,2,2
20,0.35,0.6,5,1000,0,979,0,0
20,0.35,0.6,6,1000,0,972,0,0
20,0.35,0.7,2,1000,586,955,552,552
20,0.35,0.7,3,1000,15,964,8,8
20,0.35,0.7,4,1000,0,977,0,0
20,0.35,0.7,5,1000,0,987,0,0
20,0.35,0.7,6,1000,0,978,0,0
20,0.35,0.8,2,1000,351,980,334,334
20,0.35,0.8,3,1000,3,989,2,2
20,0.35,0.8,4,1000,0,990,0,0
20,0.35,0.8,5,1000,0,994,0,0
20,0.35,0.8,6,1000,0,988,0,0
20,0.4,0.4,2,1000,968,935,964,964
20,0.4,0.4,3,1000,594,889,546,546
20,0.4,0.4,4,1000,199,906,151,151
20,0.4,0.4,5,1000,50,899,30,30
20,0.4,0.4,6,1000,8,927,5,5
20,0.4,0.5,2,1000,903,934,885,885
20,0.4,0.5,3,1000,276,909,231,231
20,0.4,0.5,4,1000,32,931,21,21
20,0.4,0.5,5,1000,1,940,1,1
20,0.4,0.5,6,1000,0,941,0,0
20,0.4,0.6,2,1000,698,921,666,666
20,0.4,0.6,3,1000,65,935,55,55
20,0.4,0.6,4,1000,1,956,0,0
20,0.4,0.6,5,1000,0,962,0,0
20,0.4,0.6,6,1000,0,968,0,0
20,0.4,0.7,2,1000,445,941,391,391
20,0.4,0.7,3,1000,5,972,5,5
20,0.4,0.7,4,1000,0,981,0,0
20,0.4,0.7,5,1000,0,982,0,0
20,0.4,0.7,6,1000,0,965,0,0
20,0.4,0.8,2,1000,230,968,204,204
20,0.4,0.8,3,1000,0,983,0,0
20,0.4,0.8,4,1000,0,986,0,0
20,0.4,0.8,5,1000,0,982,0,0
20,0.4,0.8,6,1000,0,985,0,0
20,0.45,0.4,2,1000,926,892,910,910
20,0.45,0.4,3,1000,469,826,419,419
20,0.45,0.4,4,1000,152,880,121,121
20,0.45,0.4,5,1000,29,886,20,20
20,0.45,0.4,6,1000,6,904,4,4
20,0.45,0.5,2,1000,798,909,761,761
20,0.45,0.5,3,1000,168,874,124,124
20,0.45,0.5,4,1000,22,927,11,11
20,0.45,0.5,5,1000,0,927,0,0
20,0.45,0.5,6,1000,0,938,0,0
20,0.45,0.6,2,1000,570,885,525,525
20,0.45,0.6,3,1000,29,923,22,22
20,0.45,0.6,4,1000,0,922,0,0
20,0.45,0.6,5,1000,0,958,0,0
20,0.45,0.6,6,1000,0,957,0,0
20,0.45,0.7,2,1000,297,921,258,258
20,0.45,0.7,3,1000,2,947,2,2
20,0.45,0.7,4,1000,0,962,0,0
20,0.45,0.7,5,1000,0,968,0,0
20,0.45,0.7,6,1000,0,976,0,0
20,0.45,0.8,2,1000,112,951,94,94
20,0.45,0.8,3,1000,0,964,0,0
20,0.45,0.8,4,1000,0,976,0,0
20,0.45,0.8,5,1000,0,981,0,0
20,0.45,0.8,6,1000,0,987,0,0
20,0.5,0.4,2,1000,889,841,848,848
20,0.5,0.4,3,1000,374,804,293,293
20,0.5,0.4,4,1000,81,838,57,57
20,0.5,0.4,5,1000,24,837,12,12
20,0.5,0.4,6,1000,2,888,2,2
20,0.5,0.5,2,1000,672,818,597,597
20,0.5,0.5,3,1000,98,843,63,63
20,0.5,0.5,4,1000,2,875,2,2
20,0.5,0.5,5,1000,0,913,0,0
20,0.5,0.5,6,1000,0,907,0,0
20,0.5,0.6,2,1000,422,846,358,358
20,0.5,0.6,3,1000,11,923,3,3
20,0.5,0.6,4,1000,0,915,0,0
20,0.5,0.6,5,1000,0,939,0,0
20,0.5,0.6,6,1000,0,946,0,0
20,0.5,0.7,2,1000,186,894,135,135
20,0.5,0.7,3,1000,0,940,0,0
20,0.5,0.7,4,1000,0,950,0,0
20,0.5,0.7,5,1000,0,966,0,0
20,0.5,0.7,6,1000,0,974,0,0
20,0.5,0.8,2,1000,46,943,29,29
20,0.5,0.8,3,1000,0,970,0,0
20,0.5,0.8,4,1000,0,974,0,0
20,0.5,0.8,5,1000,0,984,0,0
20,0.5,0.8,6,1000,0,977,0,0
20,0.55,0.4,2,1000,787,776,723,723
20,0.55,0.4,3,1000,223,741,168,168
20,0.55,0.4,4,1000,37,814,21,21
20,0.55,0.4,5,1000,3,828,1,1
20,0.55,0.4,6,1000,0,878,0,0
20,0.55,0.5,2,1000,537,757,438,438
20,0.55,0.5,3,1000,34,822,17,17
20,0.55,0.5,4,1000,1,859,0,0
20,0.55,0.5,5,1000,0,872,0,0
20,0.55,0.5,6,1000,0,912,0,0
20,0.55,0.6,2,1000,258,833,174,174
20,0.55,0.6,3,1000,2,863,0,0
20,0.55,0.6,4,1000,0,909,0,0
20,0.55,0.6,5,1000,0,929,0,0
20,0.55,0.6,6,1000,0,929,0,0
20,0.55,0.7,2,1000,63,857,38,38
20,0.55,0.7,3,1000,0,931,0,0
20,0.55,0.7,4,1000,0,964,0,0
20,0.55,0.7,5,1000,0,954,0,0
20,0.55,0.7,6,1000,0,966,0,0
20,0.55,0.8,2,1000,10,923,7,7
20,0.55,0.8,3,1000,0,964,0,0
20,0.55,0.8,4,1000,0,964,0,0
20,0.55,0.8,5,1000,0,968,0,0
20,0.55,0.8,6,1000,0,975,0,0
20,0.6,0.4,2,1000,682,682,571,571
20,0.6,0.4,3,1000,154,716,96,96
20,0.6,0.4,4,1000,16,764,11,11
20,0.6,0.4,5,1000,0,797,0,0
20,0.6,0.4,6,1000,0,832,0,0
20,0.6,0.5,2,1000,366,711,264,264
20,0.6,0.5,3,1000,20,793,10,10
20,0.6,0.5,4,1000,0,805,0,0
20,0.6,0.5,5,1000,0,850,0,0
20,0.6,0.5,6,1000,0,878,0,0
20,0.6,0.6,2,1000,115,778,69,69
20,0.6,0.6,3,1000,0,863,0,0
20,0.6,0.6,4,1000,0,899,0,0
20,0.6,0.6,5,1000,0,913,0,0
20,0.6,0.6,6,1000,0,924,0,0
20,0.6,0.7,2,1000,28,848,10,10
20,0.6,0.7,3,1000,0,923,0,0
20,0.6,0.7,4,1000,0,938,0,0
20,0.6,0.7,5,1000,0,944,0,0
20,0.6,0.7,6,1000,0,955,0,0
20,0.6,0.8,2,1000,2,911,0,0
20,0.6,0.8,3,1000,0,960,0,0
20,0.6,0.8,4,1000,0,964,0,0
20,0.6,0.8,5,1000,0,969,0,0
20,0.6,0.8,6,1000,0,974,0,0
20,0.65,0.4,2,1000,453,575,323,323
20,0.65,0.4,3,1000,66,686,29,29
20,0.65,0.4,4,1000,11,730,6,6
20,0.65,0.4,5,1000,2,758,0,0
20,0.65,0.4,6,1000,0,792,0,0
20,0.65,0.5,2,1000,193,670,109,109
20,0.65,0.5,3,1000,9,727,6,6
20,0.65,0.5,4,1000,0,795,0,0
20,0.65,0.5,5,1000,0,830,0,0
20,0.65,0.5,6,1000,0,858,0,0
20,0.65,0.6,2,1000,53,747,22,22
20,0.65,0.6,3,1000,0,838,0,0
20,0.65,0.6,4,1000,0,866,0,0
20,0.65,0.6,5,1000,0,896,0,0
20,0.65,0.6,6,1000,0,915,0,0
20,0.65,0.7,2,1000,5,829,1,1
20,0.65,0.7,3,1000,0,892,0,0
20,0.65,0.7,4,1000,0,926,0,0
20,0.65,0.7,5,1000,0,941,0,0
20,0.65,0.7,6,1000,0,940,0,0
20,0.65,0.8,2,1000,0,897,0,0
20,0.65,0.8,3,1000,0,928,0,0
20,0.65,0.8,4,1000,0,952,0,0
20,0.65,0.8,5,1000,0,972,0,0
20,0.65,0.8,6,1000,0,971,0,0
20,0.7,0.4,2,1000,320,495,212,212
20,0.7,0.4,3,1000,26,626,11,11
20,0.7,0.4,4,1000,3,686,1,1
20,0.7,0.4,5,1000,0,735,0,0
20,0.7,0.4,6,1000,0,753,0,0
20,0.7,0.5,2,1000,100,593,37,37
20,0.7,0.5,3,1000,2,709,0,0
20,0.7,0.5,4,1000,0,774,0,0
20,0.7,0.5,5,1000,0,815,0,0
20,0.7,0.5,6,1000,0,829,0,0
20,0.7,0.6,2,1000,15,669,5,5
20,0.7,0.6,3,1000,0,807,0,0
20,0.7,0.6,4,1000,0,868,0,0
20,0.7,0.6,5,1000,0,877,0,0
20,0.7,0.6,6,1000,0,889,0,0
20,0.7,0.7,2,1000,2,816,1,1
20,0.7,0.7,3,1000,0,875,0,0
20,0.7,0.7,4,1000,0,918,0,0
20,0.7,0.7,5,1000,0,924,0,0
20,0.7,0.7,6,1000,0,932,0,0
20,0.7,0.8,2,1000,0,893,0,0
20,0.7,0.8,3,1000,0,940,0,0
20,0.7,0.8,4,1000,0,945,0,0
20,0.7,0.8,5,1000,0,954,0,0
20,0.7,0.8,6,1000,0,972,0,0
20,0.75,0.4,2,1000,168,442,80,80
20,0.75,0.4,3,1000,14,551,6,6
20,0.75,0.4,4,1000,0,605,0,0
20,0.75,0.4,5,1000,0,694,0,0
20,0.75,0.4,6,1000,0,729,0,0
20,0.75,0.5,2,1000,41,549,8,8
20,0.75,0.5,3,1000,1,665,0,0
20,0.75,0.5,4,1000,0,736,0,0
20,0.75,0.5,5,1000,0,790,0,0
20,0.75,0.5,6,1000,0,815,0,0
20,0.75,0.6,2,1000,4,661,2,2
20,0.75,0.6,3,1000,0,760,0,0
20,0.75,0.6,4,1000,0,808,0,0
20,0.75,0.6,5,1000,0,864,0,0
20,0.75,0.6,6,1000,0,889,0,0
20,0.75,0.7,2,1000,0,751,0,0
20,0.75,0.7,3,1000,0,862,0,0
20,0.75,0.7,4,1000,0,883,0,0
20,0.75,0.7,5,1000,0,904,0,0
20,0.75,0.7,6,1000,0,922,0,0
20,0.75,0.8,2,1000,0,870,0,0
20,0.75,0.8,3,1000,0,923,0,0
20,0.75,0.8,4,1000,0,955,0,0
20,0.75,0.8,5,1000,0,954,0,0
20,0.75,0.8,6,1000,0,969,0,0
20,0.8,0.4,2,1000,63,338,24,24
20,0.8,0.4,3,1000,3,457,0,0
20,0.8,0.4,4,1000,0,567,0,0
20,0.8,0.4,5,1000,0,658,0,0
20,0.8,0.4,6,1000,0,681,0,0
20,0.8,0.5,2,1000,9,462,0,0
20,0.8,0.5,3,1000,0,607,0,0
20,0.8,0.5,4,1000,0,699,0,0
20,0.8,0.5,5,1000,0,764,0,0
20,0.8,0.5,6,1000,0,783,0,0
20,0.8,0.6,2,1000,0,620,0,0
20,0.8,0.6,3,1000,0,729,0,0
20,0.8,0.6,4,1000,0,794,0,0
20,0.8,0.6,5,1000,0,851,0,0
20,0.8,0.6,6,1000,0,851,0,0
20,0.8,0.7,2,1000,0,723,0,0
20,0.8,0.7,3,1000,0,832,0,0
20,0.8,0.7,4,1000,0,861,0,0
20,0.8,0.7,5,1000,0,922,0,0
20,0.8,0.7,6,1000,0,921,0,0
20,0.8,0.8,2,1000,0,852,0,0
20,0.8,0.8,3,1000,0,919,0,0
20,0.8,0.8,4,1000,0,933,0,0
20,0.8,0.8,5,1000,0,956,0,0
20,0.8,0.8,6,1000,0,941,0,0
20,0.85,0.4,2,1000,15,240,3,3
20,0.85,0.4,3,1000,0,409,0,0
20,0.85,0.4,4,1000,0,487,0,0
20,0.85,0.4,5,1000,0,572,0,0
20,0.85,0.4,6,1000,0,641,0,0
20,0.85,0.5,2,1000,0,392,0,0
20,0.85,0.5,3,1000,0,579,0,0
20,0.85,0.5,4,1000,0,623,0,0
20,0.85,0.5,5,1000,0,713,0,0
20,0.85,0.5,6,1000,0,774,0,0
20,0.85,0.6,2,1000,0,515,0,0
20,0.85,0.6,3,1000,0,707,0,0
20,0.85,0.6,4,1000,0,786,0,0
20,0.85,0.6,5,1000,0,816,0,0
20,0.85,0.6,6,1000,0,853,0,0
20,0.85,0.7,2,1000,0,702,0,0
20,0.85,0.7,3,1000,0,829,0,0
20,0.85,0.7,4,1000,0,872,0,0
20,0.85,0.7,5,1000,0,922,0,0
20,0.85,0.7,6,1000,0,920,0,0
20,0.85,0.8,2,1000,0,834,0,0
20,0.85,0.8,3,1000,0,902,0,0
20,0.85,0.8,4,1000,0,931,0,0
20,0.85,0.8,5,1000,0,946,0,0
20,0.85,0.8,6,1000,0,953,0,0
20,0.9,0.4,2,1000,2,142,0,0
20,0.9,0.4,3,1000,0,328,0,0
20,0.9,0.4,4,1000,0,462,0,0
20,0.9,0.4,5,1000,0,563,0,0
20,0.9,0.4,6,1000,0,586,0,0
20,0.9,0.5,2,1000,0,320,0,0
20,0.9,0.5,3,1000,0,489,0,0
20,0.9,0.5,4,1000,0,613,0,0
20,0.9,0.5,5,1000,0,704,0,0
20,0.9,0.5,6,1000,0,720,0,0
20,0.9,0.6,2,1000,0,491,0,0
20,0.9,0.6,3,1000,0,666,0,0
20,0.9,0.6,4,1000,0,742,0,0
20,0.9,0.6,5,1000,0,818,0,0
20,0.9,0.6,6,1000,0,836,0,0
20,0.9,0.7,2,1000,0,653,0,0
20,0.9,0.7,3,1000,0,779,0,0
20,0.9,0.7,4,1000,0,838,0,0
20,0.9,0.7,5,1000,0,878,0,0
20,0.9,0.7,6,1000,0,892,0,0
20,0.9,0.8,2,1000,0,800,0,0
20,0.9,0.8,3,1000,0,895,0,0
20,0.9,0.8,4,1000,0,922,0,0
20,0.9,0.8,5,1000,0,942,0,0
20,0.9,0.8,6,1000,0,957,0,0
20,0.95,0.4,2,1000,0,92,0,0
20,0.95,0.4,3,1000,0,246,0,0
20,0.95,0.4,4,1000,0,395,0,0
20,0.95,0.4,5,1000,0,479,0,0
20,0.95,0.4,6,1000,0,531,0,0
20,0.95,0.5,2,1000,0,245,0,0
20,0.95,0.5,3,1000,0,463,0,0
20,0.95,0.5,4,1000,0,569,0,0
20,0.95,0.5,5,1000,0,640,0,0
20,0.95,0.5,6,1000,0,705,0,0
20,0.95,0.6,2,1000,0,431,0,0
20,0.95,0.6,3,1000,0,642,0,0
20,0.95,0.6,4,1000,0,719,0,0
20,0.95,0.6,5,1000,0,782,0,0
20,0.95,0.6,6,1000,0,823,0,0
20,0.95,0.7,2,1000,0,628,0,0
20,0.95,0.7,3,1000,0,779,0,0
20,0.95,0.7,4,1000,0,826,0,0
20,0.95,0.7,5,1000,0,869,0,0
20,0.95,0.7,6,1000,0,861,0,0
20,0.95,0.8,2,1000,0,784,0,0
20,0.95,0.8,3,1000,0,873,0,0
20,0.95,0.8,4,1000,0,923,0,0
20,0.95,0.8,5,1000,0,934,0,0
20,0.95,0.8,6,1000,0,933,0,0